PRODUCTKEY,SUBCATEGORYKEY,SUBCATEGORY,CATEGORYKEY,CATEGORY
1,101,MP4&MP3,1,Audio
2,101,MP4&MP3,1,Audio
3,101,MP4&MP3,1,Audio
4,101,MP4&MP3,1,Audio
5,101,MP4&MP3,1,Audio
6,101,MP4&MP3,1,Audio
7,101,MP4&MP3,1,Audio
8,101,MP4&MP3,1,Audio
9,101,MP4&MP3,1,Audio
10,101,MP4&MP3,1,Audio
11,101,MP4&MP3,1,Audio
12,101,MP4&MP3,1,Audio
13,101,MP4&MP3,1,Audio
14,101,MP4&MP3,1,Audio
15,101,MP4&MP3,1,Audio
16,101,MP4&MP3,1,Audio
17,101,MP4&MP3,1,Audio
18,101,MP4&MP3,1,Audio
19,101,MP4&MP3,1,Audio
20,101,MP4&MP3,1,Audio
21,101,MP4&MP3,1,Audio
22,101,MP4&MP3,1,Audio
23,101,MP4&MP3,1,Audio
24,101,MP4&MP3,1,Audio
25,101,MP4&MP3,1,Audio
26,101,MP4&MP3,1,Audio
27,101,MP4&MP3,1,Audio
28,101,MP4&MP3,1,Audio
29,101,MP4&MP3,1,Audio
30,101,MP4&MP3,1,Audio
31,101,MP4&MP3,1,Audio
32,101,MP4&MP3,1,Audio
33,101,MP4&MP3,1,Audio
34,101,MP4&MP3,1,Audio
35,101,MP4&MP3,1,Audio
36,101,MP4&MP3,1,Audio
37,101,MP4&MP3,1,Audio
38,101,MP4&MP3,1,Audio
39,101,MP4&MP3,1,Audio
40,101,MP4&MP3,1,Audio
41,101,MP4&MP3,1,Audio
42,101,MP4&MP3,1,Audio
43,101,MP4&MP3,1,Audio
44,101,MP4&MP3,1,Audio
45,101,MP4&MP3,1,Audio
46,104,Recording Pen,1,Audio
47,104,Recording Pen,1,Audio
48,104,Recording Pen,1,Audio
49,104,Recording Pen,1,Audio
50,104,Recording Pen,1,Audio
51,104,Recording Pen,1,Audio
52,104,Recording Pen,1,Audio
53,104,Recording Pen,1,Audio
54,104,Recording Pen,1,Audio
55,104,Recording Pen,1,Audio
56,104,Recording Pen,1,Audio
57,104,Recording Pen,1,Audio
58,104,Recording Pen,1,Audio
59,104,Recording Pen,1,Audio
60,104,Recording Pen,1,Audio
61,104,Recording Pen,1,Audio
62,104,Recording Pen,1,Audio
63,104,Recording Pen,1,Audio
64,104,Recording Pen,1,Audio
65,104,Recording Pen,1,Audio
66,106,Bluetooth Headphones,1,Audio
67,106,Bluetooth Headphones,1,Audio
68,106,Bluetooth Headphones,1,Audio
69,106,Bluetooth Headphones,1,Audio
70,106,Bluetooth Headphones,1,Audio
71,106,Bluetooth Headphones,1,Audio
72,106,Bluetooth Headphones,1,Audio
73,106,Bluetooth Headphones,1,Audio
74,106,Bluetooth Headphones,1,Audio
75,106,Bluetooth Headphones,1,Audio
76,106,Bluetooth Headphones,1,Audio
77,106,Bluetooth Headphones,1,Audio
78,106,Bluetooth Headphones,1,Audio
79,106,Bluetooth Headphones,1,Audio
80,106,Bluetooth Headphones,1,Audio
81,106,Bluetooth Headphones,1,Audio
82,106,Bluetooth Headphones,1,Audio
83,106,Bluetooth Headphones,1,Audio
84,106,Bluetooth Headphones,1,Audio
85,106,Bluetooth Headphones,1,Audio
86,106,Bluetooth Headphones,1,Audio
87,106,Bluetooth Headphones,1,Audio
88,106,Bluetooth Headphones,1,Audio
89,106,Bluetooth Headphones,1,Audio
90,106,Bluetooth Headphones,1,Audio
91,106,Bluetooth Headphones,1,Audio
92,106,Bluetooth Headphones,1,Audio
93,106,Bluetooth Headphones,1,Audio
94,106,Bluetooth Headphones,1,Audio
95,106,Bluetooth Headphones,1,Audio
96,106,Bluetooth Headphones,1,Audio
97,106,Bluetooth Headphones,1,Audio
98,106,Bluetooth Headphones,1,Audio
99,106,Bluetooth Headphones,1,Audio
100,106,Bluetooth Headphones,1,Audio
101,106,Bluetooth Headphones,1,Audio
102,106,Bluetooth Headphones,1,Audio
103,106,Bluetooth Headphones,1,Audio
104,106,Bluetooth Headphones,1,Audio
105,106,Bluetooth Headphones,1,Audio
106,106,Bluetooth Headphones,1,Audio
107,106,Bluetooth Headphones,1,Audio
108,106,Bluetooth Headphones,1,Audio
109,106,Bluetooth Headphones,1,Audio
110,106,Bluetooth Headphones,1,Audio
111,106,Bluetooth Headphones,1,Audio
112,106,Bluetooth Headphones,1,Audio
113,106,Bluetooth Headphones,1,Audio
114,106,Bluetooth Headphones,1,Audio
115,106,Bluetooth Headphones,1,Audio
116,201,Televisions,2,TV and Video
117,201,Televisions,2,TV and Video
118,201,Televisions,2,TV and Video
119,201,Televisions,2,TV and Video
120,201,Televisions,2,TV and Video
121,201,Televisions,2,TV and Video
122,201,Televisions,2,TV and Video
123,201,Televisions,2,TV and Video
124,201,Televisions,2,TV and Video
125,201,Televisions,2,TV and Video
126,201,Televisions,2,TV and Video
127,201,Televisions,2,TV and Video
128,201,Televisions,2,TV and Video
129,201,Televisions,2,TV and Video
130,201,Televisions,2,TV and Video
131,201,Televisions,2,TV and Video
132,201,Televisions,2,TV and Video
133,201,Televisions,2,TV and Video
134,201,Televisions,2,TV and Video
135,201,Televisions,2,TV and Video
136,201,Televisions,2,TV and Video
137,201,Televisions,2,TV and Video
138,201,Televisions,2,TV and Video
139,201,Televisions,2,TV and Video
140,201,Televisions,2,TV and Video
141,201,Televisions,2,TV and Video
142,201,Televisions,2,TV and Video
143,201,Televisions,2,TV and Video
144,201,Televisions,2,TV and Video
145,201,Televisions,2,TV and Video
146,201,Televisions,2,TV and Video
147,201,Televisions,2,TV and Video
148,201,Televisions,2,TV and Video
149,201,Televisions,2,TV and Video
150,201,Televisions,2,TV and Video
151,201,Televisions,2,TV and Video
152,201,Televisions,2,TV and Video
153,201,Televisions,2,TV and Video
154,201,Televisions,2,TV and Video
155,201,Televisions,2,TV and Video
156,201,Televisions,2,TV and Video
157,201,Televisions,2,TV and Video
158,201,Televisions,2,TV and Video
159,201,Televisions,2,TV and Video
160,201,Televisions,2,TV and Video
161,201,Televisions,2,TV and Video
162,201,Televisions,2,TV and Video
163,201,Televisions,2,TV and Video
164,201,Televisions,2,TV and Video
165,201,Televisions,2,TV and Video
166,202,VCD & DVD,2,TV and Video
167,202,VCD & DVD,2,TV and Video
168,202,VCD & DVD,2,TV and Video
169,202,VCD & DVD,2,TV and Video
170,202,VCD & DVD,2,TV and Video
171,202,VCD & DVD,2,TV and Video
172,202,VCD & DVD,2,TV and Video
173,202,VCD & DVD,2,TV and Video
174,202,VCD & DVD,2,TV and Video
175,202,VCD & DVD,2,TV and Video
176,202,VCD & DVD,2,TV and Video
177,202,VCD & DVD,2,TV and Video
178,202,VCD & DVD,2,TV and Video
179,202,VCD & DVD,2,TV and Video
180,202,VCD & DVD,2,TV and Video
181,202,VCD & DVD,2,TV and Video
182,202,VCD & DVD,2,TV and Video
183,202,VCD & DVD,2,TV and Video
184,202,VCD & DVD,2,TV and Video
185,202,VCD & DVD,2,TV and Video
186,202,VCD & DVD,2,TV and Video
187,202,VCD & DVD,2,TV and Video
188,202,VCD & DVD,2,TV and Video
189,202,VCD & DVD,2,TV and Video
190,202,VCD & DVD,2,TV and Video
191,202,VCD & DVD,2,TV and Video
192,203,Home Theater System,2,TV and Video
193,203,Home Theater System,2,TV and Video
194,203,Home Theater System,2,TV and Video
195,203,Home Theater System,2,TV and Video
196,203,Home Theater System,2,TV and Video
197,203,Home Theater System,2,TV and Video
198,203,Home Theater System,2,TV and Video
199,203,Home Theater System,2,TV and Video
200,203,Home Theater System,2,TV and Video
201,203,Home Theater System,2,TV and Video
202,203,Home Theater System,2,TV and Video
203,203,Home Theater System,2,TV and Video
204,203,Home Theater System,2,TV and Video
205,203,Home Theater System,2,TV and Video
206,203,Home Theater System,2,TV and Video
207,203,Home Theater System,2,TV and Video
208,203,Home Theater System,2,TV and Video
209,203,Home Theater System,2,TV and Video
210,203,Home Theater System,2,TV and Video
211,203,Home Theater System,2,TV and Video
212,203,Home Theater System,2,TV and Video
213,203,Home Theater System,2,TV and Video
214,203,Home Theater System,2,TV and Video
215,203,Home Theater System,2,TV and Video
216,203,Home Theater System,2,TV and Video
217,203,Home Theater System,2,TV and Video
218,203,Home Theater System,2,TV and Video
219,203,Home Theater System,2,TV and Video
220,203,Home Theater System,2,TV and Video
221,203,Home Theater System,2,TV and Video
222,203,Home Theater System,2,TV and Video
223,203,Home Theater System,2,TV and Video
224,203,Home Theater System,2,TV and Video
225,203,Home Theater System,2,TV and Video
226,203,Home Theater System,2,TV and Video
227,203,Home Theater System,2,TV and Video
228,203,Home Theater System,2,TV and Video
229,203,Home Theater System,2,TV and Video
230,203,Home Theater System,2,TV and Video
231,203,Home Theater System,2,TV and Video
232,203,Home Theater System,2,TV and Video
233,203,Home Theater System,2,TV and Video
234,203,Home Theater System,2,TV and Video
235,203,Home Theater System,2,TV and Video
236,203,Home Theater System,2,TV and Video
237,203,Home Theater System,2,TV and Video
238,203,Home Theater System,2,TV and Video
239,203,Home Theater System,2,TV and Video
240,203,Home Theater System,2,TV and Video
241,203,Home Theater System,2,TV and Video
242,203,Home Theater System,2,TV and Video
243,203,Home Theater System,2,TV and Video
244,203,Home Theater System,2,TV and Video
245,203,Home Theater System,2,TV and Video
246,203,Home Theater System,2,TV and Video
247,203,Home Theater System,2,TV and Video
248,203,Home Theater System,2,TV and Video
249,203,Home Theater System,2,TV and Video
250,203,Home Theater System,2,TV and Video
251,203,Home Theater System,2,TV and Video
252,203,Home Theater System,2,TV and Video
253,203,Home Theater System,2,TV and Video
254,203,Home Theater System,2,TV and Video
255,203,Home Theater System,2,TV and Video
256,203,Home Theater System,2,TV and Video
257,203,Home Theater System,2,TV and Video
258,203,Home Theater System,2,TV and Video
259,203,Home Theater System,2,TV and Video
260,203,Home Theater System,2,TV and Video
261,203,Home Theater System,2,TV and Video
262,203,Home Theater System,2,TV and Video
263,203,Home Theater System,2,TV and Video
264,203,Home Theater System,2,TV and Video
265,203,Home Theater System,2,TV and Video
266,203,Home Theater System,2,TV and Video
267,203,Home Theater System,2,TV and Video
268,203,Home Theater System,2,TV and Video
269,203,Home Theater System,2,TV and Video
270,203,Home Theater System,2,TV and Video
271,203,Home Theater System,2,TV and Video
272,203,Home Theater System,2,TV and Video
273,203,Home Theater System,2,TV and Video
274,203,Home Theater System,2,TV and Video
275,203,Home Theater System,2,TV and Video
276,203,Home Theater System,2,TV and Video
277,203,Home Theater System,2,TV and Video
278,203,Home Theater System,2,TV and Video
279,203,Home Theater System,2,TV and Video
280,203,Home Theater System,2,TV and Video
281,203,Home Theater System,2,TV and Video
282,203,Home Theater System,2,TV and Video
283,203,Home Theater System,2,TV and Video
284,203,Home Theater System,2,TV and Video
285,203,Home Theater System,2,TV and Video
286,203,Home Theater System,2,TV and Video
287,203,Home Theater System,2,TV and Video
288,203,Home Theater System,2,TV and Video
289,203,Home Theater System,2,TV and Video
290,203,Home Theater System,2,TV and Video
291,203,Home Theater System,2,TV and Video
292,205,Car Video,2,TV and Video
293,205,Car Video,2,TV and Video
294,205,Car Video,2,TV and Video
295,205,Car Video,2,TV and Video
296,205,Car Video,2,TV and Video
297,205,Car Video,2,TV and Video
298,205,Car Video,2,TV and Video
299,205,Car Video,2,TV and Video
300,205,Car Video,2,TV and Video
301,205,Car Video,2,TV and Video
302,205,Car Video,2,TV and Video
303,205,Car Video,2,TV and Video
304,205,Car Video,2,TV and Video
305,205,Car Video,2,TV and Video
306,205,Car Video,2,TV and Video
307,205,Car Video,2,TV and Video
308,205,Car Video,2,TV and Video
309,205,Car Video,2,TV and Video
310,205,Car Video,2,TV and Video
311,205,Car Video,2,TV and Video
312,205,Car Video,2,TV and Video
313,205,Car Video,2,TV and Video
314,205,Car Video,2,TV and Video
315,205,Car Video,2,TV and Video
316,205,Car Video,2,TV and Video
317,205,Car Video,2,TV and Video
318,205,Car Video,2,TV and Video
319,205,Car Video,2,TV and Video
320,205,Car Video,2,TV and Video
321,205,Car Video,2,TV and Video
322,205,Car Video,2,TV and Video
323,205,Car Video,2,TV and Video
324,205,Car Video,2,TV and Video
325,205,Car Video,2,TV and Video
326,205,Car Video,2,TV and Video
327,205,Car Video,2,TV and Video
328,205,Car Video,2,TV and Video
329,205,Car Video,2,TV and Video
330,205,Car Video,2,TV and Video
331,205,Car Video,2,TV and Video
332,205,Car Video,2,TV and Video
333,205,Car Video,2,TV and Video
334,205,Car Video,2,TV and Video
335,205,Car Video,2,TV and Video
336,205,Car Video,2,TV and Video
337,205,Car Video,2,TV and Video
338,301,Laptops,3,Computers
339,301,Laptops,3,Computers
340,301,Laptops,3,Computers
341,301,Laptops,3,Computers
342,301,Laptops,3,Computers
343,301,Laptops,3,Computers
344,301,Laptops,3,Computers
345,301,Laptops,3,Computers
346,301,Laptops,3,Computers
347,301,Laptops,3,Computers
348,301,Laptops,3,Computers
349,301,Laptops,3,Computers
350,301,Laptops,3,Computers
351,301,Laptops,3,Computers
352,301,Laptops,3,Computers
353,301,Laptops,3,Computers
354,301,Laptops,3,Computers
355,301,Laptops,3,Computers
356,301,Laptops,3,Computers
357,301,Laptops,3,Computers
358,301,Laptops,3,Computers
359,301,Laptops,3,Computers
360,301,Laptops,3,Computers
361,301,Laptops,3,Computers
362,301,Laptops,3,Computers
363,301,Laptops,3,Computers
364,301,Laptops,3,Computers
365,301,Laptops,3,Computers
366,301,Laptops,3,Computers
367,301,Laptops,3,Computers
368,301,Laptops,3,Computers
369,301,Laptops,3,Computers
370,301,Laptops,3,Computers
371,301,Laptops,3,Computers
372,301,Laptops,3,Computers
373,301,Laptops,3,Computers
374,301,Laptops,3,Computers
375,301,Laptops,3,Computers
376,301,Laptops,3,Computers
377,301,Laptops,3,Computers
378,301,Laptops,3,Computers
379,301,Laptops,3,Computers
380,301,Laptops,3,Computers
381,301,Laptops,3,Computers
382,301,Laptops,3,Computers
383,301,Laptops,3,Computers
384,301,Laptops,3,Computers
385,301,Laptops,3,Computers
386,301,Laptops,3,Computers
387,301,Laptops,3,Computers
388,301,Laptops,3,Computers
389,301,Laptops,3,Computers
390,301,Laptops,3,Computers
391,301,Laptops,3,Computers
392,301,Laptops,3,Computers
393,301,Laptops,3,Computers
394,301,Laptops,3,Computers
395,301,Laptops,3,Computers
396,301,Laptops,3,Computers
397,301,Laptops,3,Computers
398,301,Laptops,3,Computers
399,301,Laptops,3,Computers
400,301,Laptops,3,Computers
401,301,Laptops,3,Computers
402,301,Laptops,3,Computers
403,301,Laptops,3,Computers
404,301,Laptops,3,Computers
405,301,Laptops,3,Computers
406,301,Laptops,3,Computers
407,301,Laptops,3,Computers
408,301,Laptops,3,Computers
409,301,Laptops,3,Computers
410,301,Laptops,3,Computers
411,301,Laptops,3,Computers
412,301,Laptops,3,Computers
413,301,Laptops,3,Computers
414,301,Laptops,3,Computers
415,301,Laptops,3,Computers
416,303,Desktops,3,Computers
417,303,Desktops,3,Computers
418,303,Desktops,3,Computers
419,303,Desktops,3,Computers
420,303,Desktops,3,Computers
421,303,Desktops,3,Computers
422,303,Desktops,3,Computers
423,303,Desktops,3,Computers
424,303,Desktops,3,Computers
425,303,Desktops,3,Computers
426,303,Desktops,3,Computers
427,303,Desktops,3,Computers
428,303,Desktops,3,Computers
429,303,Desktops,3,Computers
430,303,Desktops,3,Computers
431,303,Desktops,3,Computers
432,303,Desktops,3,Computers
433,303,Desktops,3,Computers
434,303,Desktops,3,Computers
435,303,Desktops,3,Computers
436,303,Desktops,3,Computers
437,303,Desktops,3,Computers
438,303,Desktops,3,Computers
439,303,Desktops,3,Computers
440,303,Desktops,3,Computers
441,303,Desktops,3,Computers
442,303,Desktops,3,Computers
443,303,Desktops,3,Computers
444,303,Desktops,3,Computers
445,303,Desktops,3,Computers
446,303,Desktops,3,Computers
447,303,Desktops,3,Computers
448,303,Desktops,3,Computers
449,303,Desktops,3,Computers
450,303,Desktops,3,Computers
451,303,Desktops,3,Computers
452,303,Desktops,3,Computers
453,303,Desktops,3,Computers
454,303,Desktops,3,Computers
455,303,Desktops,3,Computers
456,303,Desktops,3,Computers
457,303,Desktops,3,Computers
458,303,Desktops,3,Computers
459,303,Desktops,3,Computers
460,303,Desktops,3,Computers
461,304,Monitors,3,Computers
462,304,Monitors,3,Computers
463,304,Monitors,3,Computers
464,304,Monitors,3,Computers
465,304,Monitors,3,Computers
466,304,Monitors,3,Computers
467,304,Monitors,3,Computers
468,304,Monitors,3,Computers
469,304,Monitors,3,Computers
470,304,Monitors,3,Computers
471,304,Monitors,3,Computers
472,304,Monitors,3,Computers
473,304,Monitors,3,Computers
474,304,Monitors,3,Computers
475,304,Monitors,3,Computers
476,304,Monitors,3,Computers
477,304,Monitors,3,Computers
478,304,Monitors,3,Computers
479,304,Monitors,3,Computers
480,304,Monitors,3,Computers
481,304,Monitors,3,Computers
482,304,Monitors,3,Computers
483,304,Monitors,3,Computers
484,304,Monitors,3,Computers
485,304,Monitors,3,Computers
486,304,Monitors,3,Computers
487,304,Monitors,3,Computers
488,304,Monitors,3,Computers
489,304,Monitors,3,Computers
490,304,Monitors,3,Computers
491,304,Monitors,3,Computers
492,304,Monitors,3,Computers
493,304,Monitors,3,Computers
494,304,Monitors,3,Computers
495,304,Monitors,3,Computers
496,304,Monitors,3,Computers
497,304,Monitors,3,Computers
498,304,Monitors,3,Computers
499,304,Monitors,3,Computers
500,304,Monitors,3,Computers
501,304,Monitors,3,Computers
502,304,Monitors,3,Computers
503,304,Monitors,3,Computers
504,304,Monitors,3,Computers
505,304,Monitors,3,Computers
506,304,Monitors,3,Computers
507,304,Monitors,3,Computers
508,304,Monitors,3,Computers
509,304,Monitors,3,Computers
510,304,Monitors,3,Computers
511,304,Monitors,3,Computers
512,304,Monitors,3,Computers
513,304,Monitors,3,Computers
514,304,Monitors,3,Computers
515,304,Monitors,3,Computers
516,304,Monitors,3,Computers
517,304,Monitors,3,Computers
518,304,Monitors,3,Computers
519,304,Monitors,3,Computers
520,304,Monitors,3,Computers
521,304,Monitors,3,Computers
522,304,Monitors,3,Computers
523,304,Monitors,3,Computers
524,304,Monitors,3,Computers
525,304,Monitors,3,Computers
526,304,Monitors,3,Computers
527,304,Monitors,3,Computers
528,304,Monitors,3,Computers
529,304,Monitors,3,Computers
530,304,Monitors,3,Computers
531,304,Monitors,3,Computers
532,304,Monitors,3,Computers
533,304,Monitors,3,Computers
534,304,Monitors,3,Computers
535,304,Monitors,3,Computers
536,304,Monitors,3,Computers
537,304,Monitors,3,Computers
538,304,Monitors,3,Computers
539,305,Projectors & Screens,3,Computers
540,305,Projectors & Screens,3,Computers
541,305,Projectors & Screens,3,Computers
542,305,Projectors & Screens,3,Computers
543,305,Projectors & Screens,3,Computers
544,305,Projectors & Screens,3,Computers
545,305,Projectors & Screens,3,Computers
546,305,Projectors & Screens,3,Computers
547,305,Projectors & Screens,3,Computers
548,305,Projectors & Screens,3,Computers
549,305,Projectors & Screens,3,Computers
550,305,Projectors & Screens,3,Computers
551,305,Projectors & Screens,3,Computers
552,305,Projectors & Screens,3,Computers
553,305,Projectors & Screens,3,Computers
554,305,Projectors & Screens,3,Computers
555,305,Projectors & Screens,3,Computers
556,305,Projectors & Screens,3,Computers
557,305,Projectors & Screens,3,Computers
558,305,Projectors & Screens,3,Computers
559,305,Projectors & Screens,3,Computers
560,305,Projectors & Screens,3,Computers
561,305,Projectors & Screens,3,Computers
562,305,Projectors & Screens,3,Computers
563,305,Projectors & Screens,3,Computers
564,305,Projectors & Screens,3,Computers
565,305,Projectors & Screens,3,Computers
566,305,Projectors & Screens,3,Computers
567,305,Projectors & Screens,3,Computers
568,305,Projectors & Screens,3,Computers
569,305,Projectors & Screens,3,Computers
570,305,Projectors & Screens,3,Computers
571,305,Projectors & Screens,3,Computers
572,305,Projectors & Screens,3,Computers
573,305,Projectors & Screens,3,Computers
574,305,Projectors & Screens,3,Computers
575,305,Projectors & Screens,3,Computers
576,305,Projectors & Screens,3,Computers
577,305,Projectors & Screens,3,Computers
578,305,Projectors & Screens,3,Computers
579,305,Projectors & Screens,3,Computers
580,305,Projectors & Screens,3,Computers
581,305,Projectors & Screens,3,Computers
582,305,Projectors & Screens,3,Computers
583,305,Projectors & Screens,3,Computers
584,305,Projectors & Screens,3,Computers
585,305,Projectors & Screens,3,Computers
586,305,Projectors & Screens,3,Computers
587,305,Projectors & Screens,3,Computers
588,305,Projectors & Screens,3,Computers
589,305,Projectors & Screens,3,Computers
590,305,Projectors & Screens,3,Computers
591,305,Projectors & Screens,3,Computers
592,305,Projectors & Screens,3,Computers
593,305,Projectors & Screens,3,Computers
594,305,Projectors & Screens,3,Computers
595,305,Projectors & Screens,3,Computers
596,305,Projectors & Screens,3,Computers
597,305,Projectors & Screens,3,Computers
598,305,Projectors & Screens,3,Computers
599,305,Projectors & Screens,3,Computers
600,305,Projectors & Screens,3,Computers
601,305,Projectors & Screens,3,Computers
602,305,Projectors & Screens,3,Computers
603,305,Projectors & Screens,3,Computers
604,305,Projectors & Screens,3,Computers
605,305,Projectors & Screens,3,Computers
606,305,Projectors & Screens,3,Computers
607,305,Projectors & Screens,3,Computers
608,305,Projectors & Screens,3,Computers
609,305,Projectors & Screens,3,Computers
610,305,Projectors & Screens,3,Computers
611,305,Projectors & Screens,3,Computers
612,305,Projectors & Screens,3,Computers
613,305,Projectors & Screens,3,Computers
614,305,Projectors & Screens,3,Computers
615,305,Projectors & Screens,3,Computers
616,305,Projectors & Screens,3,Computers
617,305,Projectors & Screens,3,Computers
618,305,Projectors & Screens,3,Computers
619,305,Projectors & Screens,3,Computers
620,305,Projectors & Screens,3,Computers
621,305,Projectors & Screens,3,Computers
622,305,Projectors & Screens,3,Computers
623,305,Projectors & Screens,3,Computers
624,305,Projectors & Screens,3,Computers
625,305,Projectors & Screens,3,Computers
626,305,Projectors & Screens,3,Computers
627,305,Projectors & Screens,3,Computers
628,305,Projectors & Screens,3,Computers
629,305,Projectors & Screens,3,Computers
630,305,Projectors & Screens,3,Computers
631,305,Projectors & Screens,3,Computers
632,305,Projectors & Screens,3,Computers
633,305,Projectors & Screens,3,Computers
634,305,Projectors & Screens,3,Computers
635,305,Projectors & Screens,3,Computers
636,305,Projectors & Screens,3,Computers
637,305,Projectors & Screens,3,Computers
638,305,Projectors & Screens,3,Computers
639,305,Projectors & Screens,3,Computers
640,305,Projectors & Screens,3,Computers
641,305,Projectors & Screens,3,Computers
642,306,"Printers, Scanners & Fax",3,Computers
643,306,"Printers, Scanners & Fax",3,Computers
644,306,"Printers, Scanners & Fax",3,Computers
645,306,"Printers, Scanners & Fax",3,Computers
646,306,"Printers, Scanners & Fax",3,Computers
647,306,"Printers, Scanners & Fax",3,Computers
648,306,"Printers, Scanners & Fax",3,Computers
649,306,"Printers, Scanners & Fax",3,Computers
650,306,"Printers, Scanners & Fax",3,Computers
651,306,"Printers, Scanners & Fax",3,Computers
652,306,"Printers, Scanners & Fax",3,Computers
653,306,"Printers, Scanners & Fax",3,Computers
654,306,"Printers, Scanners & Fax",3,Computers
655,306,"Printers, Scanners & Fax",3,Computers
656,306,"Printers, Scanners & Fax",3,Computers
657,306,"Printers, Scanners & Fax",3,Computers
658,306,"Printers, Scanners & Fax",3,Computers
659,306,"Printers, Scanners & Fax",3,Computers
660,306,"Printers, Scanners & Fax",3,Computers
661,306,"Printers, Scanners & Fax",3,Computers
662,306,"Printers, Scanners & Fax",3,Computers
663,306,"Printers, Scanners & Fax",3,Computers
664,306,"Printers, Scanners & Fax",3,Computers
665,306,"Printers, Scanners & Fax",3,Computers
666,306,"Printers, Scanners & Fax",3,Computers
667,306,"Printers, Scanners & Fax",3,Computers
668,306,"Printers, Scanners & Fax",3,Computers
669,306,"Printers, Scanners & Fax",3,Computers
670,306,"Printers, Scanners & Fax",3,Computers
671,306,"Printers, Scanners & Fax",3,Computers
672,306,"Printers, Scanners & Fax",3,Computers
673,306,"Printers, Scanners & Fax",3,Computers
674,306,"Printers, Scanners & Fax",3,Computers
675,306,"Printers, Scanners & Fax",3,Computers
676,306,"Printers, Scanners & Fax",3,Computers
677,306,"Printers, Scanners & Fax",3,Computers
678,306,"Printers, Scanners & Fax",3,Computers
679,306,"Printers, Scanners & Fax",3,Computers
680,306,"Printers, Scanners & Fax",3,Computers
681,306,"Printers, Scanners & Fax",3,Computers
682,306,"Printers, Scanners & Fax",3,Computers
683,306,"Printers, Scanners & Fax",3,Computers
684,306,"Printers, Scanners & Fax",3,Computers
685,306,"Printers, Scanners & Fax",3,Computers
686,306,"Printers, Scanners & Fax",3,Computers
687,306,"Printers, Scanners & Fax",3,Computers
688,306,"Printers, Scanners & Fax",3,Computers
689,306,"Printers, Scanners & Fax",3,Computers
690,306,"Printers, Scanners & Fax",3,Computers
691,306,"Printers, Scanners & Fax",3,Computers
692,306,"Printers, Scanners & Fax",3,Computers
693,306,"Printers, Scanners & Fax",3,Computers
694,306,"Printers, Scanners & Fax",3,Computers
695,306,"Printers, Scanners & Fax",3,Computers
696,306,"Printers, Scanners & Fax",3,Computers
697,306,"Printers, Scanners & Fax",3,Computers
698,306,"Printers, Scanners & Fax",3,Computers
699,306,"Printers, Scanners & Fax",3,Computers
700,306,"Printers, Scanners & Fax",3,Computers
701,306,"Printers, Scanners & Fax",3,Computers
702,306,"Printers, Scanners & Fax",3,Computers
703,306,"Printers, Scanners & Fax",3,Computers
704,306,"Printers, Scanners & Fax",3,Computers
705,306,"Printers, Scanners & Fax",3,Computers
706,306,"Printers, Scanners & Fax",3,Computers
707,306,"Printers, Scanners & Fax",3,Computers
708,306,"Printers, Scanners & Fax",3,Computers
709,306,"Printers, Scanners & Fax",3,Computers
710,306,"Printers, Scanners & Fax",3,Computers
711,306,"Printers, Scanners & Fax",3,Computers
712,306,"Printers, Scanners & Fax",3,Computers
713,306,"Printers, Scanners & Fax",3,Computers
714,306,"Printers, Scanners & Fax",3,Computers
715,306,"Printers, Scanners & Fax",3,Computers
716,306,"Printers, Scanners & Fax",3,Computers
717,306,"Printers, Scanners & Fax",3,Computers
718,306,"Printers, Scanners & Fax",3,Computers
719,306,"Printers, Scanners & Fax",3,Computers
720,306,"Printers, Scanners & Fax",3,Computers
721,306,"Printers, Scanners & Fax",3,Computers
722,306,"Printers, Scanners & Fax",3,Computers
723,306,"Printers, Scanners & Fax",3,Computers
724,306,"Printers, Scanners & Fax",3,Computers
725,306,"Printers, Scanners & Fax",3,Computers
726,306,"Printers, Scanners & Fax",3,Computers
727,306,"Printers, Scanners & Fax",3,Computers
728,306,"Printers, Scanners & Fax",3,Computers
729,306,"Printers, Scanners & Fax",3,Computers
730,306,"Printers, Scanners & Fax",3,Computers
731,306,"Printers, Scanners & Fax",3,Computers
732,306,"Printers, Scanners & Fax",3,Computers
733,306,"Printers, Scanners & Fax",3,Computers
734,306,"Printers, Scanners & Fax",3,Computers
735,306,"Printers, Scanners & Fax",3,Computers
736,306,"Printers, Scanners & Fax",3,Computers
737,306,"Printers, Scanners & Fax",3,Computers
738,306,"Printers, Scanners & Fax",3,Computers
739,306,"Printers, Scanners & Fax",3,Computers
740,306,"Printers, Scanners & Fax",3,Computers
741,306,"Printers, Scanners & Fax",3,Computers
742,306,"Printers, Scanners & Fax",3,Computers
743,308,Computers Accessories,3,Computers
744,308,Computers Accessories,3,Computers
745,308,Computers Accessories,3,Computers
746,308,Computers Accessories,3,Computers
747,308,Computers Accessories,3,Computers
748,308,Computers Accessories,3,Computers
749,308,Computers Accessories,3,Computers
750,308,Computers Accessories,3,Computers
751,308,Computers Accessories,3,Computers
752,308,Computers Accessories,3,Computers
753,308,Computers Accessories,3,Computers
754,308,Computers Accessories,3,Computers
755,308,Computers Accessories,3,Computers
756,308,Computers Accessories,3,Computers
757,308,Computers Accessories,3,Computers
758,308,Computers Accessories,3,Computers
759,308,Computers Accessories,3,Computers
760,308,Computers Accessories,3,Computers
761,308,Computers Accessories,3,Computers
762,308,Computers Accessories,3,Computers
763,308,Computers Accessories,3,Computers
764,308,Computers Accessories,3,Computers
765,308,Computers Accessories,3,Computers
766,308,Computers Accessories,3,Computers
767,308,Computers Accessories,3,Computers
768,308,Computers Accessories,3,Computers
769,308,Computers Accessories,3,Computers
770,308,Computers Accessories,3,Computers
771,308,Computers Accessories,3,Computers
772,308,Computers Accessories,3,Computers
773,308,Computers Accessories,3,Computers
774,308,Computers Accessories,3,Computers
775,308,Computers Accessories,3,Computers
776,308,Computers Accessories,3,Computers
777,308,Computers Accessories,3,Computers
778,308,Computers Accessories,3,Computers
779,308,Computers Accessories,3,Computers
780,308,Computers Accessories,3,Computers
781,308,Computers Accessories,3,Computers
782,308,Computers Accessories,3,Computers
783,308,Computers Accessories,3,Computers
784,308,Computers Accessories,3,Computers
785,308,Computers Accessories,3,Computers
786,308,Computers Accessories,3,Computers
787,308,Computers Accessories,3,Computers
788,308,Computers Accessories,3,Computers
789,308,Computers Accessories,3,Computers
790,308,Computers Accessories,3,Computers
791,308,Computers Accessories,3,Computers
792,308,Computers Accessories,3,Computers
793,308,Computers Accessories,3,Computers
794,308,Computers Accessories,3,Computers
795,308,Computers Accessories,3,Computers
796,308,Computers Accessories,3,Computers
797,308,Computers Accessories,3,Computers
798,308,Computers Accessories,3,Computers
799,308,Computers Accessories,3,Computers
800,308,Computers Accessories,3,Computers
801,308,Computers Accessories,3,Computers
802,308,Computers Accessories,3,Computers
803,308,Computers Accessories,3,Computers
804,308,Computers Accessories,3,Computers
805,308,Computers Accessories,3,Computers
806,308,Computers Accessories,3,Computers
807,308,Computers Accessories,3,Computers
808,308,Computers Accessories,3,Computers
809,308,Computers Accessories,3,Computers
810,308,Computers Accessories,3,Computers
811,308,Computers Accessories,3,Computers
812,308,Computers Accessories,3,Computers
813,308,Computers Accessories,3,Computers
814,308,Computers Accessories,3,Computers
815,308,Computers Accessories,3,Computers
816,308,Computers Accessories,3,Computers
817,308,Computers Accessories,3,Computers
818,308,Computers Accessories,3,Computers
819,308,Computers Accessories,3,Computers
820,308,Computers Accessories,3,Computers
821,308,Computers Accessories,3,Computers
822,308,Computers Accessories,3,Computers
823,308,Computers Accessories,3,Computers
824,308,Computers Accessories,3,Computers
825,308,Computers Accessories,3,Computers
826,308,Computers Accessories,3,Computers
827,308,Computers Accessories,3,Computers
828,308,Computers Accessories,3,Computers
829,308,Computers Accessories,3,Computers
830,308,Computers Accessories,3,Computers
831,308,Computers Accessories,3,Computers
832,308,Computers Accessories,3,Computers
833,308,Computers Accessories,3,Computers
834,308,Computers Accessories,3,Computers
835,308,Computers Accessories,3,Computers
836,308,Computers Accessories,3,Computers
837,308,Computers Accessories,3,Computers
838,308,Computers Accessories,3,Computers
839,308,Computers Accessories,3,Computers
840,308,Computers Accessories,3,Computers
841,308,Computers Accessories,3,Computers
842,308,Computers Accessories,3,Computers
843,308,Computers Accessories,3,Computers
844,308,Computers Accessories,3,Computers
845,308,Computers Accessories,3,Computers
846,308,Computers Accessories,3,Computers
847,308,Computers Accessories,3,Computers
848,308,Computers Accessories,3,Computers
849,308,Computers Accessories,3,Computers
850,308,Computers Accessories,3,Computers
851,308,Computers Accessories,3,Computers
852,308,Computers Accessories,3,Computers
853,308,Computers Accessories,3,Computers
854,308,Computers Accessories,3,Computers
855,308,Computers Accessories,3,Computers
856,308,Computers Accessories,3,Computers
857,308,Computers Accessories,3,Computers
858,308,Computers Accessories,3,Computers
859,308,Computers Accessories,3,Computers
860,308,Computers Accessories,3,Computers
861,308,Computers Accessories,3,Computers
862,308,Computers Accessories,3,Computers
863,308,Computers Accessories,3,Computers
864,308,Computers Accessories,3,Computers
865,308,Computers Accessories,3,Computers
866,308,Computers Accessories,3,Computers
867,308,Computers Accessories,3,Computers
868,308,Computers Accessories,3,Computers
869,308,Computers Accessories,3,Computers
870,308,Computers Accessories,3,Computers
871,308,Computers Accessories,3,Computers
872,308,Computers Accessories,3,Computers
873,308,Computers Accessories,3,Computers
874,308,Computers Accessories,3,Computers
875,308,Computers Accessories,3,Computers
876,308,Computers Accessories,3,Computers
877,308,Computers Accessories,3,Computers
878,308,Computers Accessories,3,Computers
879,308,Computers Accessories,3,Computers
880,308,Computers Accessories,3,Computers
881,308,Computers Accessories,3,Computers
882,308,Computers Accessories,3,Computers
883,308,Computers Accessories,3,Computers
884,308,Computers Accessories,3,Computers
885,308,Computers Accessories,3,Computers
886,308,Computers Accessories,3,Computers
887,308,Computers Accessories,3,Computers
888,308,Computers Accessories,3,Computers
889,308,Computers Accessories,3,Computers
890,308,Computers Accessories,3,Computers
891,308,Computers Accessories,3,Computers
892,308,Computers Accessories,3,Computers
893,308,Computers Accessories,3,Computers
894,308,Computers Accessories,3,Computers
895,308,Computers Accessories,3,Computers
896,308,Computers Accessories,3,Computers
897,308,Computers Accessories,3,Computers
898,308,Computers Accessories,3,Computers
899,308,Computers Accessories,3,Computers
900,308,Computers Accessories,3,Computers
901,308,Computers Accessories,3,Computers
902,308,Computers Accessories,3,Computers
903,308,Computers Accessories,3,Computers
904,308,Computers Accessories,3,Computers
905,308,Computers Accessories,3,Computers
906,308,Computers Accessories,3,Computers
907,308,Computers Accessories,3,Computers
908,308,Computers Accessories,3,Computers
909,308,Computers Accessories,3,Computers
910,308,Computers Accessories,3,Computers
911,308,Computers Accessories,3,Computers
912,308,Computers Accessories,3,Computers
913,308,Computers Accessories,3,Computers
914,308,Computers Accessories,3,Computers
915,308,Computers Accessories,3,Computers
916,308,Computers Accessories,3,Computers
917,308,Computers Accessories,3,Computers
918,308,Computers Accessories,3,Computers
919,308,Computers Accessories,3,Computers
920,308,Computers Accessories,3,Computers
921,308,Computers Accessories,3,Computers
922,308,Computers Accessories,3,Computers
923,308,Computers Accessories,3,Computers
924,308,Computers Accessories,3,Computers
925,308,Computers Accessories,3,Computers
926,308,Computers Accessories,3,Computers
927,308,Computers Accessories,3,Computers
928,308,Computers Accessories,3,Computers
929,308,Computers Accessories,3,Computers
930,308,Computers Accessories,3,Computers
931,308,Computers Accessories,3,Computers
932,308,Computers Accessories,3,Computers
933,308,Computers Accessories,3,Computers
934,308,Computers Accessories,3,Computers
935,308,Computers Accessories,3,Computers
936,308,Computers Accessories,3,Computers
937,308,Computers Accessories,3,Computers
938,308,Computers Accessories,3,Computers
939,308,Computers Accessories,3,Computers
940,308,Computers Accessories,3,Computers
941,308,Computers Accessories,3,Computers
942,308,Computers Accessories,3,Computers
943,308,Computers Accessories,3,Computers
944,401,Digital Cameras,4,Cameras and camcorders
945,401,Digital Cameras,4,Cameras and camcorders
946,401,Digital Cameras,4,Cameras and camcorders
947,401,Digital Cameras,4,Cameras and camcorders
948,401,Digital Cameras,4,Cameras and camcorders
949,401,Digital Cameras,4,Cameras and camcorders
950,401,Digital Cameras,4,Cameras and camcorders
951,401,Digital Cameras,4,Cameras and camcorders
952,401,Digital Cameras,4,Cameras and camcorders
953,401,Digital Cameras,4,Cameras and camcorders
954,401,Digital Cameras,4,Cameras and camcorders
955,401,Digital Cameras,4,Cameras and camcorders
956,401,Digital Cameras,4,Cameras and camcorders
957,401,Digital Cameras,4,Cameras and camcorders
958,401,Digital Cameras,4,Cameras and camcorders
959,401,Digital Cameras,4,Cameras and camcorders
960,401,Digital Cameras,4,Cameras and camcorders
961,401,Digital Cameras,4,Cameras and camcorders
962,401,Digital Cameras,4,Cameras and camcorders
963,401,Digital Cameras,4,Cameras and camcorders
964,401,Digital Cameras,4,Cameras and camcorders
965,401,Digital Cameras,4,Cameras and camcorders
966,401,Digital Cameras,4,Cameras and camcorders
967,401,Digital Cameras,4,Cameras and camcorders
968,401,Digital Cameras,4,Cameras and camcorders
969,401,Digital Cameras,4,Cameras and camcorders
970,401,Digital Cameras,4,Cameras and camcorders
971,401,Digital Cameras,4,Cameras and camcorders
972,401,Digital Cameras,4,Cameras and camcorders
973,401,Digital Cameras,4,Cameras and camcorders
974,401,Digital Cameras,4,Cameras and camcorders
975,401,Digital Cameras,4,Cameras and camcorders
976,401,Digital Cameras,4,Cameras and camcorders
977,401,Digital Cameras,4,Cameras and camcorders
978,401,Digital Cameras,4,Cameras and camcorders
979,401,Digital Cameras,4,Cameras and camcorders
980,401,Digital Cameras,4,Cameras and camcorders
981,401,Digital Cameras,4,Cameras and camcorders
982,401,Digital Cameras,4,Cameras and camcorders
983,401,Digital Cameras,4,Cameras and camcorders
984,401,Digital Cameras,4,Cameras and camcorders
985,401,Digital Cameras,4,Cameras and camcorders
986,401,Digital Cameras,4,Cameras and camcorders
987,401,Digital Cameras,4,Cameras and camcorders
988,401,Digital Cameras,4,Cameras and camcorders
989,401,Digital Cameras,4,Cameras and camcorders
990,401,Digital Cameras,4,Cameras and camcorders
991,401,Digital Cameras,4,Cameras and camcorders
992,401,Digital Cameras,4,Cameras and camcorders
993,401,Digital Cameras,4,Cameras and camcorders
994,401,Digital Cameras,4,Cameras and camcorders
995,401,Digital Cameras,4,Cameras and camcorders
996,401,Digital Cameras,4,Cameras and camcorders
997,401,Digital Cameras,4,Cameras and camcorders
998,401,Digital Cameras,4,Cameras and camcorders
999,401,Digital Cameras,4,Cameras and camcorders
1000,401,Digital Cameras,4,Cameras and camcorders
1001,401,Digital Cameras,4,Cameras and camcorders
1002,401,Digital Cameras,4,Cameras and camcorders
1003,401,Digital Cameras,4,Cameras and camcorders
1004,401,Digital Cameras,4,Cameras and camcorders
1005,401,Digital Cameras,4,Cameras and camcorders
1006,401,Digital Cameras,4,Cameras and camcorders
1007,401,Digital Cameras,4,Cameras and camcorders
1008,401,Digital Cameras,4,Cameras and camcorders
1009,401,Digital Cameras,4,Cameras and camcorders
1010,401,Digital Cameras,4,Cameras and camcorders
1011,401,Digital Cameras,4,Cameras and camcorders
1012,401,Digital Cameras,4,Cameras and camcorders
1013,401,Digital Cameras,4,Cameras and camcorders
1014,401,Digital Cameras,4,Cameras and camcorders
1015,401,Digital Cameras,4,Cameras and camcorders
1016,401,Digital Cameras,4,Cameras and camcorders
1017,401,Digital Cameras,4,Cameras and camcorders
1018,401,Digital Cameras,4,Cameras and camcorders
1019,401,Digital Cameras,4,Cameras and camcorders
1020,401,Digital Cameras,4,Cameras and camcorders
1021,401,Digital Cameras,4,Cameras and camcorders
1022,401,Digital Cameras,4,Cameras and camcorders
1023,401,Digital Cameras,4,Cameras and camcorders
1024,401,Digital Cameras,4,Cameras and camcorders
1025,401,Digital Cameras,4,Cameras and camcorders
1026,401,Digital Cameras,4,Cameras and camcorders
1027,401,Digital Cameras,4,Cameras and camcorders
1028,401,Digital Cameras,4,Cameras and camcorders
1029,401,Digital Cameras,4,Cameras and camcorders
1030,401,Digital Cameras,4,Cameras and camcorders
1031,401,Digital Cameras,4,Cameras and camcorders
1032,401,Digital Cameras,4,Cameras and camcorders
1033,401,Digital Cameras,4,Cameras and camcorders
1034,401,Digital Cameras,4,Cameras and camcorders
1035,401,Digital Cameras,4,Cameras and camcorders
1036,401,Digital Cameras,4,Cameras and camcorders
1037,401,Digital Cameras,4,Cameras and camcorders
1038,401,Digital Cameras,4,Cameras and camcorders
1039,401,Digital Cameras,4,Cameras and camcorders
1040,401,Digital Cameras,4,Cameras and camcorders
1041,401,Digital Cameras,4,Cameras and camcorders
1042,401,Digital Cameras,4,Cameras and camcorders
1043,401,Digital Cameras,4,Cameras and camcorders
1044,402,Digital SLR Cameras,4,Cameras and camcorders
1045,402,Digital SLR Cameras,4,Cameras and camcorders
1046,402,Digital SLR Cameras,4,Cameras and camcorders
1047,402,Digital SLR Cameras,4,Cameras and camcorders
1048,402,Digital SLR Cameras,4,Cameras and camcorders
1049,402,Digital SLR Cameras,4,Cameras and camcorders
1050,402,Digital SLR Cameras,4,Cameras and camcorders
1051,402,Digital SLR Cameras,4,Cameras and camcorders
1052,402,Digital SLR Cameras,4,Cameras and camcorders
1053,402,Digital SLR Cameras,4,Cameras and camcorders
1054,402,Digital SLR Cameras,4,Cameras and camcorders
1055,402,Digital SLR Cameras,4,Cameras and camcorders
1056,402,Digital SLR Cameras,4,Cameras and camcorders
1057,402,Digital SLR Cameras,4,Cameras and camcorders
1058,402,Digital SLR Cameras,4,Cameras and camcorders
1059,402,Digital SLR Cameras,4,Cameras and camcorders
1060,402,Digital SLR Cameras,4,Cameras and camcorders
1061,402,Digital SLR Cameras,4,Cameras and camcorders
1062,402,Digital SLR Cameras,4,Cameras and camcorders
1063,402,Digital SLR Cameras,4,Cameras and camcorders
1064,402,Digital SLR Cameras,4,Cameras and camcorders
1065,402,Digital SLR Cameras,4,Cameras and camcorders
1066,402,Digital SLR Cameras,4,Cameras and camcorders
1067,402,Digital SLR Cameras,4,Cameras and camcorders
1068,402,Digital SLR Cameras,4,Cameras and camcorders
1069,402,Digital SLR Cameras,4,Cameras and camcorders
1070,402,Digital SLR Cameras,4,Cameras and camcorders
1071,402,Digital SLR Cameras,4,Cameras and camcorders
1072,402,Digital SLR Cameras,4,Cameras and camcorders
1073,402,Digital SLR Cameras,4,Cameras and camcorders
1074,402,Digital SLR Cameras,4,Cameras and camcorders
1075,402,Digital SLR Cameras,4,Cameras and camcorders
1076,402,Digital SLR Cameras,4,Cameras and camcorders
1077,402,Digital SLR Cameras,4,Cameras and camcorders
1078,402,Digital SLR Cameras,4,Cameras and camcorders
1079,402,Digital SLR Cameras,4,Cameras and camcorders
1080,402,Digital SLR Cameras,4,Cameras and camcorders
1081,402,Digital SLR Cameras,4,Cameras and camcorders
1082,402,Digital SLR Cameras,4,Cameras and camcorders
1083,402,Digital SLR Cameras,4,Cameras and camcorders
1084,402,Digital SLR Cameras,4,Cameras and camcorders
1085,402,Digital SLR Cameras,4,Cameras and camcorders
1086,402,Digital SLR Cameras,4,Cameras and camcorders
1087,402,Digital SLR Cameras,4,Cameras and camcorders
1088,402,Digital SLR Cameras,4,Cameras and camcorders
1089,402,Digital SLR Cameras,4,Cameras and camcorders
1090,402,Digital SLR Cameras,4,Cameras and camcorders
1091,402,Digital SLR Cameras,4,Cameras and camcorders
1092,402,Digital SLR Cameras,4,Cameras and camcorders
1093,402,Digital SLR Cameras,4,Cameras and camcorders
1094,402,Digital SLR Cameras,4,Cameras and camcorders
1095,402,Digital SLR Cameras,4,Cameras and camcorders
1096,402,Digital SLR Cameras,4,Cameras and camcorders
1097,402,Digital SLR Cameras,4,Cameras and camcorders
1098,402,Digital SLR Cameras,4,Cameras and camcorders
1099,402,Digital SLR Cameras,4,Cameras and camcorders
1100,402,Digital SLR Cameras,4,Cameras and camcorders
1101,402,Digital SLR Cameras,4,Cameras and camcorders
1102,402,Digital SLR Cameras,4,Cameras and camcorders
1103,402,Digital SLR Cameras,4,Cameras and camcorders
1104,402,Digital SLR Cameras,4,Cameras and camcorders
1105,402,Digital SLR Cameras,4,Cameras and camcorders
1106,402,Digital SLR Cameras,4,Cameras and camcorders
1107,402,Digital SLR Cameras,4,Cameras and camcorders
1108,402,Digital SLR Cameras,4,Cameras and camcorders
1109,402,Digital SLR Cameras,4,Cameras and camcorders
1110,402,Digital SLR Cameras,4,Cameras and camcorders
1111,402,Digital SLR Cameras,4,Cameras and camcorders
1112,402,Digital SLR Cameras,4,Cameras and camcorders
1113,402,Digital SLR Cameras,4,Cameras and camcorders
1114,402,Digital SLR Cameras,4,Cameras and camcorders
1115,402,Digital SLR Cameras,4,Cameras and camcorders
1116,402,Digital SLR Cameras,4,Cameras and camcorders
1117,402,Digital SLR Cameras,4,Cameras and camcorders
1118,402,Digital SLR Cameras,4,Cameras and camcorders
1119,402,Digital SLR Cameras,4,Cameras and camcorders
1120,402,Digital SLR Cameras,4,Cameras and camcorders
1121,402,Digital SLR Cameras,4,Cameras and camcorders
1122,402,Digital SLR Cameras,4,Cameras and camcorders
1123,402,Digital SLR Cameras,4,Cameras and camcorders
1124,402,Digital SLR Cameras,4,Cameras and camcorders
1125,402,Digital SLR Cameras,4,Cameras and camcorders
1126,402,Digital SLR Cameras,4,Cameras and camcorders
1127,402,Digital SLR Cameras,4,Cameras and camcorders
1128,402,Digital SLR Cameras,4,Cameras and camcorders
1129,402,Digital SLR Cameras,4,Cameras and camcorders
1130,402,Digital SLR Cameras,4,Cameras and camcorders
1131,402,Digital SLR Cameras,4,Cameras and camcorders
1132,402,Digital SLR Cameras,4,Cameras and camcorders
1133,402,Digital SLR Cameras,4,Cameras and camcorders
1134,402,Digital SLR Cameras,4,Cameras and camcorders
1135,402,Digital SLR Cameras,4,Cameras and camcorders
1136,402,Digital SLR Cameras,4,Cameras and camcorders
1137,402,Digital SLR Cameras,4,Cameras and camcorders
1138,402,Digital SLR Cameras,4,Cameras and camcorders
1139,402,Digital SLR Cameras,4,Cameras and camcorders
1140,402,Digital SLR Cameras,4,Cameras and camcorders
1141,402,Digital SLR Cameras,4,Cameras and camcorders
1142,402,Digital SLR Cameras,4,Cameras and camcorders
1143,402,Digital SLR Cameras,4,Cameras and camcorders
1144,405,Camcorders,4,Cameras and camcorders
1145,405,Camcorders,4,Cameras and camcorders
1146,405,Camcorders,4,Cameras and camcorders
1147,405,Camcorders,4,Cameras and camcorders
1148,405,Camcorders,4,Cameras and camcorders
1149,405,Camcorders,4,Cameras and camcorders
1150,405,Camcorders,4,Cameras and camcorders
1151,405,Camcorders,4,Cameras and camcorders
1152,405,Camcorders,4,Cameras and camcorders
1153,405,Camcorders,4,Cameras and camcorders
1154,405,Camcorders,4,Cameras and camcorders
1155,405,Camcorders,4,Cameras and camcorders
1156,405,Camcorders,4,Cameras and camcorders
1157,405,Camcorders,4,Cameras and camcorders
1158,405,Camcorders,4,Cameras and camcorders
1159,405,Camcorders,4,Cameras and camcorders
1160,405,Camcorders,4,Cameras and camcorders
1161,405,Camcorders,4,Cameras and camcorders
1162,405,Camcorders,4,Cameras and camcorders
1163,405,Camcorders,4,Cameras and camcorders
1164,405,Camcorders,4,Cameras and camcorders
1165,405,Camcorders,4,Cameras and camcorders
1166,405,Camcorders,4,Cameras and camcorders
1167,405,Camcorders,4,Cameras and camcorders
1168,405,Camcorders,4,Cameras and camcorders
1169,405,Camcorders,4,Cameras and camcorders
1170,405,Camcorders,4,Cameras and camcorders
1171,405,Camcorders,4,Cameras and camcorders
1172,405,Camcorders,4,Cameras and camcorders
1173,405,Camcorders,4,Cameras and camcorders
1174,405,Camcorders,4,Cameras and camcorders
1175,405,Camcorders,4,Cameras and camcorders
1176,405,Camcorders,4,Cameras and camcorders
1177,405,Camcorders,4,Cameras and camcorders
1178,405,Camcorders,4,Cameras and camcorders
1179,405,Camcorders,4,Cameras and camcorders
1180,405,Camcorders,4,Cameras and camcorders
1181,405,Camcorders,4,Cameras and camcorders
1182,405,Camcorders,4,Cameras and camcorders
1183,405,Camcorders,4,Cameras and camcorders
1184,405,Camcorders,4,Cameras and camcorders
1185,405,Camcorders,4,Cameras and camcorders
1186,405,Camcorders,4,Cameras and camcorders
1187,405,Camcorders,4,Cameras and camcorders
1188,405,Camcorders,4,Cameras and camcorders
1189,405,Camcorders,4,Cameras and camcorders
1190,405,Camcorders,4,Cameras and camcorders
1191,405,Camcorders,4,Cameras and camcorders
1192,405,Camcorders,4,Cameras and camcorders
1193,405,Camcorders,4,Cameras and camcorders
1194,405,Camcorders,4,Cameras and camcorders
1195,405,Camcorders,4,Cameras and camcorders
1196,405,Camcorders,4,Cameras and camcorders
1197,405,Camcorders,4,Cameras and camcorders
1198,405,Camcorders,4,Cameras and camcorders
1199,405,Camcorders,4,Cameras and camcorders
1200,405,Camcorders,4,Cameras and camcorders
1201,405,Camcorders,4,Cameras and camcorders
1202,405,Camcorders,4,Cameras and camcorders
1203,405,Camcorders,4,Cameras and camcorders
1204,405,Camcorders,4,Cameras and camcorders
1205,405,Camcorders,4,Cameras and camcorders
1206,405,Camcorders,4,Cameras and camcorders
1207,405,Camcorders,4,Cameras and camcorders
1208,405,Camcorders,4,Cameras and camcorders
1209,405,Camcorders,4,Cameras and camcorders
1210,405,Camcorders,4,Cameras and camcorders
1211,405,Camcorders,4,Cameras and camcorders
1212,405,Camcorders,4,Cameras and camcorders
1213,405,Camcorders,4,Cameras and camcorders
1214,405,Camcorders,4,Cameras and camcorders
1215,405,Camcorders,4,Cameras and camcorders
1216,405,Camcorders,4,Cameras and camcorders
1217,405,Camcorders,4,Cameras and camcorders
1218,405,Camcorders,4,Cameras and camcorders
1219,405,Camcorders,4,Cameras and camcorders
1220,405,Camcorders,4,Cameras and camcorders
1221,405,Camcorders,4,Cameras and camcorders
1222,405,Camcorders,4,Cameras and camcorders
1223,405,Camcorders,4,Cameras and camcorders
1224,405,Camcorders,4,Cameras and camcorders
1225,405,Camcorders,4,Cameras and camcorders
1226,405,Camcorders,4,Cameras and camcorders
1227,405,Camcorders,4,Cameras and camcorders
1228,405,Camcorders,4,Cameras and camcorders
1229,405,Camcorders,4,Cameras and camcorders
1230,405,Camcorders,4,Cameras and camcorders
1231,405,Camcorders,4,Cameras and camcorders
1232,405,Camcorders,4,Cameras and camcorders
1233,405,Camcorders,4,Cameras and camcorders
1234,405,Camcorders,4,Cameras and camcorders
1235,405,Camcorders,4,Cameras and camcorders
1236,405,Camcorders,4,Cameras and camcorders
1237,405,Camcorders,4,Cameras and camcorders
1238,405,Camcorders,4,Cameras and camcorders
1239,405,Camcorders,4,Cameras and camcorders
1240,405,Camcorders,4,Cameras and camcorders
1241,405,Camcorders,4,Cameras and camcorders
1242,405,Camcorders,4,Cameras and camcorders
1243,405,Camcorders,4,Cameras and camcorders
1244,405,Camcorders,4,Cameras and camcorders
1245,405,Camcorders,4,Cameras and camcorders
1246,405,Camcorders,4,Cameras and camcorders
1247,406,Cameras & Camcorders Accessories,4,Cameras and camcorders
1248,406,Cameras & Camcorders Accessories,4,Cameras and camcorders
1249,406,Cameras & Camcorders Accessories,4,Cameras and camcorders
1250,406,Cameras & Camcorders Accessories,4,Cameras and camcorders
1251,406,Cameras & Camcorders Accessories,4,Cameras and camcorders
1252,406,Cameras & Camcorders Accessories,4,Cameras and camcorders
1253,406,Cameras & Camcorders Accessories,4,Cameras and camcorders
1254,406,Cameras & Camcorders Accessories,4,Cameras and camcorders
1255,406,Cameras & Camcorders Accessories,4,Cameras and camcorders
1256,406,Cameras & Camcorders Accessories,4,Cameras and camcorders
1257,406,Cameras & Camcorders Accessories,4,Cameras and camcorders
1258,406,Cameras & Camcorders Accessories,4,Cameras and camcorders
1259,406,Cameras & Camcorders Accessories,4,Cameras and camcorders
1260,406,Cameras & Camcorders Accessories,4,Cameras and camcorders
1261,406,Cameras & Camcorders Accessories,4,Cameras and camcorders
1262,406,Cameras & Camcorders Accessories,4,Cameras and camcorders
1263,406,Cameras & Camcorders Accessories,4,Cameras and camcorders
1264,406,Cameras & Camcorders Accessories,4,Cameras and camcorders
1265,406,Cameras & Camcorders Accessories,4,Cameras and camcorders
1266,406,Cameras & Camcorders Accessories,4,Cameras and camcorders
1267,406,Cameras & Camcorders Accessories,4,Cameras and camcorders
1268,406,Cameras & Camcorders Accessories,4,Cameras and camcorders
1269,406,Cameras & Camcorders Accessories,4,Cameras and camcorders
1270,406,Cameras & Camcorders Accessories,4,Cameras and camcorders
1271,406,Cameras & Camcorders Accessories,4,Cameras and camcorders
1272,406,Cameras & Camcorders Accessories,4,Cameras and camcorders
1273,406,Cameras & Camcorders Accessories,4,Cameras and camcorders
1274,406,Cameras & Camcorders Accessories,4,Cameras and camcorders
1275,406,Cameras & Camcorders Accessories,4,Cameras and camcorders
1276,406,Cameras & Camcorders Accessories,4,Cameras and camcorders
1277,406,Cameras & Camcorders Accessories,4,Cameras and camcorders
1278,406,Cameras & Camcorders Accessories,4,Cameras and camcorders
1279,406,Cameras & Camcorders Accessories,4,Cameras and camcorders
1280,406,Cameras & Camcorders Accessories,4,Cameras and camcorders
1281,406,Cameras & Camcorders Accessories,4,Cameras and camcorders
1282,406,Cameras & Camcorders Accessories,4,Cameras and camcorders
1283,406,Cameras & Camcorders Accessories,4,Cameras and camcorders
1284,406,Cameras & Camcorders Accessories,4,Cameras and camcorders
1285,406,Cameras & Camcorders Accessories,4,Cameras and camcorders
1286,406,Cameras & Camcorders Accessories,4,Cameras and camcorders
1287,406,Cameras & Camcorders Accessories,4,Cameras and camcorders
1288,406,Cameras & Camcorders Accessories,4,Cameras and camcorders
1289,406,Cameras & Camcorders Accessories,4,Cameras and camcorders
1290,406,Cameras & Camcorders Accessories,4,Cameras and camcorders
1291,406,Cameras & Camcorders Accessories,4,Cameras and camcorders
1292,406,Cameras & Camcorders Accessories,4,Cameras and camcorders
1293,406,Cameras & Camcorders Accessories,4,Cameras and camcorders
1294,406,Cameras & Camcorders Accessories,4,Cameras and camcorders
1295,406,Cameras & Camcorders Accessories,4,Cameras and camcorders
1296,406,Cameras & Camcorders Accessories,4,Cameras and camcorders
1297,406,Cameras & Camcorders Accessories,4,Cameras and camcorders
1298,406,Cameras & Camcorders Accessories,4,Cameras and camcorders
1299,406,Cameras & Camcorders Accessories,4,Cameras and camcorders
1300,406,Cameras & Camcorders Accessories,4,Cameras and camcorders
1301,406,Cameras & Camcorders Accessories,4,Cameras and camcorders
1302,406,Cameras & Camcorders Accessories,4,Cameras and camcorders
1303,406,Cameras & Camcorders Accessories,4,Cameras and camcorders
1304,406,Cameras & Camcorders Accessories,4,Cameras and camcorders
1305,406,Cameras & Camcorders Accessories,4,Cameras and camcorders
1306,406,Cameras & Camcorders Accessories,4,Cameras and camcorders
1307,406,Cameras & Camcorders Accessories,4,Cameras and camcorders
1308,406,Cameras & Camcorders Accessories,4,Cameras and camcorders
1309,406,Cameras & Camcorders Accessories,4,Cameras and camcorders
1310,406,Cameras & Camcorders Accessories,4,Cameras and camcorders
1311,406,Cameras & Camcorders Accessories,4,Cameras and camcorders
1312,406,Cameras & Camcorders Accessories,4,Cameras and camcorders
1313,406,Cameras & Camcorders Accessories,4,Cameras and camcorders
1314,406,Cameras & Camcorders Accessories,4,Cameras and camcorders
1315,406,Cameras & Camcorders Accessories,4,Cameras and camcorders
1316,501,Home & Office Phones,5,Cell phones
1317,501,Home & Office Phones,5,Cell phones
1318,501,Home & Office Phones,5,Cell phones
1319,501,Home & Office Phones,5,Cell phones
1320,501,Home & Office Phones,5,Cell phones
1321,501,Home & Office Phones,5,Cell phones
1322,501,Home & Office Phones,5,Cell phones
1323,501,Home & Office Phones,5,Cell phones
1324,501,Home & Office Phones,5,Cell phones
1325,501,Home & Office Phones,5,Cell phones
1326,501,Home & Office Phones,5,Cell phones
1327,501,Home & Office Phones,5,Cell phones
1328,501,Home & Office Phones,5,Cell phones
1329,501,Home & Office Phones,5,Cell phones
1330,501,Home & Office Phones,5,Cell phones
1331,501,Home & Office Phones,5,Cell phones
1332,501,Home & Office Phones,5,Cell phones
1333,501,Home & Office Phones,5,Cell phones
1334,501,Home & Office Phones,5,Cell phones
1335,501,Home & Office Phones,5,Cell phones
1336,501,Home & Office Phones,5,Cell phones
1337,501,Home & Office Phones,5,Cell phones
1338,501,Home & Office Phones,5,Cell phones
1339,501,Home & Office Phones,5,Cell phones
1340,501,Home & Office Phones,5,Cell phones
1341,501,Home & Office Phones,5,Cell phones
1342,501,Home & Office Phones,5,Cell phones
1343,501,Home & Office Phones,5,Cell phones
1344,501,Home & Office Phones,5,Cell phones
1345,501,Home & Office Phones,5,Cell phones
1346,501,Home & Office Phones,5,Cell phones
1347,501,Home & Office Phones,5,Cell phones
1348,501,Home & Office Phones,5,Cell phones
1349,501,Home & Office Phones,5,Cell phones
1350,501,Home & Office Phones,5,Cell phones
1351,501,Home & Office Phones,5,Cell phones
1352,501,Home & Office Phones,5,Cell phones
1353,501,Home & Office Phones,5,Cell phones
1354,501,Home & Office Phones,5,Cell phones
1355,501,Home & Office Phones,5,Cell phones
1356,501,Home & Office Phones,5,Cell phones
1357,501,Home & Office Phones,5,Cell phones
1358,501,Home & Office Phones,5,Cell phones
1359,501,Home & Office Phones,5,Cell phones
1360,501,Home & Office Phones,5,Cell phones
1361,501,Home & Office Phones,5,Cell phones
1362,501,Home & Office Phones,5,Cell phones
1363,501,Home & Office Phones,5,Cell phones
1364,501,Home & Office Phones,5,Cell phones
1365,501,Home & Office Phones,5,Cell phones
1366,501,Home & Office Phones,5,Cell phones
1367,501,Home & Office Phones,5,Cell phones
1368,501,Home & Office Phones,5,Cell phones
1369,501,Home & Office Phones,5,Cell phones
1370,501,Home & Office Phones,5,Cell phones
1371,501,Home & Office Phones,5,Cell phones
1372,501,Home & Office Phones,5,Cell phones
1373,501,Home & Office Phones,5,Cell phones
1374,501,Home & Office Phones,5,Cell phones
1375,501,Home & Office Phones,5,Cell phones
1376,501,Home & Office Phones,5,Cell phones
1377,501,Home & Office Phones,5,Cell phones
1378,501,Home & Office Phones,5,Cell phones
1379,501,Home & Office Phones,5,Cell phones
1380,501,Home & Office Phones,5,Cell phones
1381,501,Home & Office Phones,5,Cell phones
1382,501,Home & Office Phones,5,Cell phones
1383,501,Home & Office Phones,5,Cell phones
1384,501,Home & Office Phones,5,Cell phones
1385,501,Home & Office Phones,5,Cell phones
1386,501,Home & Office Phones,5,Cell phones
1387,501,Home & Office Phones,5,Cell phones
1388,501,Home & Office Phones,5,Cell phones
1389,501,Home & Office Phones,5,Cell phones
1390,501,Home & Office Phones,5,Cell phones
1391,501,Home & Office Phones,5,Cell phones
1392,501,Home & Office Phones,5,Cell phones
1393,501,Home & Office Phones,5,Cell phones
1394,501,Home & Office Phones,5,Cell phones
1395,501,Home & Office Phones,5,Cell phones
1396,501,Home & Office Phones,5,Cell phones
1397,501,Home & Office Phones,5,Cell phones
1398,501,Home & Office Phones,5,Cell phones
1399,501,Home & Office Phones,5,Cell phones
1400,501,Home & Office Phones,5,Cell phones
1401,501,Home & Office Phones,5,Cell phones
1402,501,Home & Office Phones,5,Cell phones
1403,501,Home & Office Phones,5,Cell phones
1404,501,Home & Office Phones,5,Cell phones
1405,501,Home & Office Phones,5,Cell phones
1406,501,Home & Office Phones,5,Cell phones
1407,501,Home & Office Phones,5,Cell phones
1408,503,Touch Screen Phones,5,Cell phones
1409,503,Touch Screen Phones,5,Cell phones
1410,503,Touch Screen Phones,5,Cell phones
1411,503,Touch Screen Phones,5,Cell phones
1412,503,Touch Screen Phones,5,Cell phones
1413,503,Touch Screen Phones,5,Cell phones
1414,503,Touch Screen Phones,5,Cell phones
1415,503,Touch Screen Phones,5,Cell phones
1416,503,Touch Screen Phones,5,Cell phones
1417,503,Touch Screen Phones,5,Cell phones
1418,503,Touch Screen Phones,5,Cell phones
1419,503,Touch Screen Phones,5,Cell phones
1420,503,Touch Screen Phones,5,Cell phones
1421,503,Touch Screen Phones,5,Cell phones
1422,503,Touch Screen Phones,5,Cell phones
1423,503,Touch Screen Phones,5,Cell phones
1424,503,Touch Screen Phones,5,Cell phones
1425,503,Touch Screen Phones,5,Cell phones
1426,503,Touch Screen Phones,5,Cell phones
1427,503,Touch Screen Phones,5,Cell phones
1428,503,Touch Screen Phones,5,Cell phones
1429,503,Touch Screen Phones,5,Cell phones
1430,503,Touch Screen Phones,5,Cell phones
1431,503,Touch Screen Phones,5,Cell phones
1432,503,Touch Screen Phones,5,Cell phones
1433,503,Touch Screen Phones,5,Cell phones
1434,503,Touch Screen Phones,5,Cell phones
1435,503,Touch Screen Phones,5,Cell phones
1436,503,Touch Screen Phones,5,Cell phones
1437,503,Touch Screen Phones,5,Cell phones
1438,503,Touch Screen Phones,5,Cell phones
1439,503,Touch Screen Phones,5,Cell phones
1440,503,Touch Screen Phones,5,Cell phones
1441,503,Touch Screen Phones,5,Cell phones
1442,503,Touch Screen Phones,5,Cell phones
1443,503,Touch Screen Phones,5,Cell phones
1444,503,Touch Screen Phones,5,Cell phones
1445,503,Touch Screen Phones,5,Cell phones
1446,503,Touch Screen Phones,5,Cell phones
1447,503,Touch Screen Phones,5,Cell phones
1448,503,Touch Screen Phones,5,Cell phones
1449,503,Touch Screen Phones,5,Cell phones
1450,503,Touch Screen Phones,5,Cell phones
1451,503,Touch Screen Phones,5,Cell phones
1452,503,Touch Screen Phones,5,Cell phones
1453,503,Touch Screen Phones,5,Cell phones
1454,503,Touch Screen Phones,5,Cell phones
1455,503,Touch Screen Phones,5,Cell phones
1456,503,Touch Screen Phones,5,Cell phones
1457,503,Touch Screen Phones,5,Cell phones
1458,503,Touch Screen Phones,5,Cell phones
1459,503,Touch Screen Phones,5,Cell phones
1460,503,Touch Screen Phones,5,Cell phones
1461,503,Touch Screen Phones,5,Cell phones
1462,503,Touch Screen Phones,5,Cell phones
1463,503,Touch Screen Phones,5,Cell phones
1464,503,Touch Screen Phones,5,Cell phones
1465,503,Touch Screen Phones,5,Cell phones
1466,503,Touch Screen Phones,5,Cell phones
1467,503,Touch Screen Phones,5,Cell phones
1468,503,Touch Screen Phones,5,Cell phones
1469,503,Touch Screen Phones,5,Cell phones
1470,504,Smart phones & PDAs,5,Cell phones
1471,504,Smart phones & PDAs,5,Cell phones
1472,504,Smart phones & PDAs,5,Cell phones
1473,504,Smart phones & PDAs,5,Cell phones
1474,504,Smart phones & PDAs,5,Cell phones
1475,504,Smart phones & PDAs,5,Cell phones
1476,504,Smart phones & PDAs,5,Cell phones
1477,504,Smart phones & PDAs,5,Cell phones
1478,504,Smart phones & PDAs,5,Cell phones
1479,504,Smart phones & PDAs,5,Cell phones
1480,504,Smart phones & PDAs,5,Cell phones
1481,504,Smart phones & PDAs,5,Cell phones
1482,504,Smart phones & PDAs,5,Cell phones
1483,504,Smart phones & PDAs,5,Cell phones
1484,504,Smart phones & PDAs,5,Cell phones
1485,504,Smart phones & PDAs,5,Cell phones
1486,504,Smart phones & PDAs,5,Cell phones
1487,504,Smart phones & PDAs,5,Cell phones
1488,504,Smart phones & PDAs,5,Cell phones
1489,504,Smart phones & PDAs,5,Cell phones
1490,504,Smart phones & PDAs,5,Cell phones
1491,504,Smart phones & PDAs,5,Cell phones
1492,504,Smart phones & PDAs,5,Cell phones
1493,504,Smart phones & PDAs,5,Cell phones
1494,504,Smart phones & PDAs,5,Cell phones
1495,504,Smart phones & PDAs,5,Cell phones
1496,504,Smart phones & PDAs,5,Cell phones
1497,504,Smart phones & PDAs,5,Cell phones
1498,504,Smart phones & PDAs,5,Cell phones
1499,504,Smart phones & PDAs,5,Cell phones
1500,504,Smart phones & PDAs,5,Cell phones
1501,504,Smart phones & PDAs,5,Cell phones
1502,504,Smart phones & PDAs,5,Cell phones
1503,504,Smart phones & PDAs,5,Cell phones
1504,504,Smart phones & PDAs,5,Cell phones
1505,504,Smart phones & PDAs,5,Cell phones
1506,504,Smart phones & PDAs,5,Cell phones
1507,504,Smart phones & PDAs,5,Cell phones
1508,504,Smart phones & PDAs,5,Cell phones
1509,504,Smart phones & PDAs,5,Cell phones
1510,504,Smart phones & PDAs,5,Cell phones
1511,504,Smart phones & PDAs,5,Cell phones
1512,504,Smart phones & PDAs,5,Cell phones
1513,504,Smart phones & PDAs,5,Cell phones
1514,504,Smart phones & PDAs,5,Cell phones
1515,504,Smart phones & PDAs,5,Cell phones
1516,504,Smart phones & PDAs,5,Cell phones
1517,504,Smart phones & PDAs,5,Cell phones
1518,504,Smart phones & PDAs,5,Cell phones
1519,504,Smart phones & PDAs,5,Cell phones
1520,504,Smart phones & PDAs,5,Cell phones
1521,504,Smart phones & PDAs,5,Cell phones
1522,504,Smart phones & PDAs,5,Cell phones
1523,504,Smart phones & PDAs,5,Cell phones
1524,504,Smart phones & PDAs,5,Cell phones
1525,504,Smart phones & PDAs,5,Cell phones
1526,504,Smart phones & PDAs,5,Cell phones
1527,504,Smart phones & PDAs,5,Cell phones
1528,504,Smart phones & PDAs,5,Cell phones
1529,504,Smart phones & PDAs,5,Cell phones
1530,504,Smart phones & PDAs,5,Cell phones
1531,504,Smart phones & PDAs,5,Cell phones
1532,504,Smart phones & PDAs,5,Cell phones
1533,504,Smart phones & PDAs,5,Cell phones
1534,504,Smart phones & PDAs,5,Cell phones
1535,504,Smart phones & PDAs,5,Cell phones
1536,504,Smart phones & PDAs,5,Cell phones
1537,504,Smart phones & PDAs,5,Cell phones
1538,504,Smart phones & PDAs,5,Cell phones
1539,504,Smart phones & PDAs,5,Cell phones
1540,504,Smart phones & PDAs,5,Cell phones
1541,504,Smart phones & PDAs,5,Cell phones
1542,504,Smart phones & PDAs,5,Cell phones
1543,504,Smart phones & PDAs,5,Cell phones
1544,504,Smart phones & PDAs,5,Cell phones
1545,504,Smart phones & PDAs,5,Cell phones
1546,504,Smart phones & PDAs,5,Cell phones
1547,504,Smart phones & PDAs,5,Cell phones
1548,504,Smart phones & PDAs,5,Cell phones
1549,504,Smart phones & PDAs,5,Cell phones
1550,504,Smart phones & PDAs,5,Cell phones
1551,504,Smart phones & PDAs,5,Cell phones
1552,504,Smart phones & PDAs,5,Cell phones
1553,504,Smart phones & PDAs,5,Cell phones
1554,504,Smart phones & PDAs,5,Cell phones
1555,504,Smart phones & PDAs,5,Cell phones
1556,504,Smart phones & PDAs,5,Cell phones
1557,504,Smart phones & PDAs,5,Cell phones
1558,504,Smart phones & PDAs,5,Cell phones
1559,504,Smart phones & PDAs,5,Cell phones
1560,504,Smart phones & PDAs,5,Cell phones
1561,504,Smart phones & PDAs,5,Cell phones
1562,504,Smart phones & PDAs,5,Cell phones
1563,504,Smart phones & PDAs,5,Cell phones
1564,504,Smart phones & PDAs,5,Cell phones
1565,504,Smart phones & PDAs,5,Cell phones
1566,504,Smart phones & PDAs,5,Cell phones
1567,504,Smart phones & PDAs,5,Cell phones
1568,504,Smart phones & PDAs,5,Cell phones
1569,504,Smart phones & PDAs,5,Cell phones
1570,504,Smart phones & PDAs,5,Cell phones
1571,602,Movie DVD,6,"Music, Movies and Audio Books"
1572,602,Movie DVD,6,"Music, Movies and Audio Books"
1573,602,Movie DVD,6,"Music, Movies and Audio Books"
1574,602,Movie DVD,6,"Music, Movies and Audio Books"
1575,602,Movie DVD,6,"Music, Movies and Audio Books"
1576,602,Movie DVD,6,"Music, Movies and Audio Books"
1577,602,Movie DVD,6,"Music, Movies and Audio Books"
1578,602,Movie DVD,6,"Music, Movies and Audio Books"
1579,602,Movie DVD,6,"Music, Movies and Audio Books"
1580,602,Movie DVD,6,"Music, Movies and Audio Books"
1581,602,Movie DVD,6,"Music, Movies and Audio Books"
1582,602,Movie DVD,6,"Music, Movies and Audio Books"
1583,602,Movie DVD,6,"Music, Movies and Audio Books"
1584,602,Movie DVD,6,"Music, Movies and Audio Books"
1585,602,Movie DVD,6,"Music, Movies and Audio Books"
1586,602,Movie DVD,6,"Music, Movies and Audio Books"
1587,602,Movie DVD,6,"Music, Movies and Audio Books"
1588,602,Movie DVD,6,"Music, Movies and Audio Books"
1589,602,Movie DVD,6,"Music, Movies and Audio Books"
1590,602,Movie DVD,6,"Music, Movies and Audio Books"
1591,602,Movie DVD,6,"Music, Movies and Audio Books"
1592,602,Movie DVD,6,"Music, Movies and Audio Books"
1593,602,Movie DVD,6,"Music, Movies and Audio Books"
1594,602,Movie DVD,6,"Music, Movies and Audio Books"
1595,602,Movie DVD,6,"Music, Movies and Audio Books"
1596,602,Movie DVD,6,"Music, Movies and Audio Books"
1597,602,Movie DVD,6,"Music, Movies and Audio Books"
1598,602,Movie DVD,6,"Music, Movies and Audio Books"
1599,602,Movie DVD,6,"Music, Movies and Audio Books"
1600,602,Movie DVD,6,"Music, Movies and Audio Books"
1601,602,Movie DVD,6,"Music, Movies and Audio Books"
1602,602,Movie DVD,6,"Music, Movies and Audio Books"
1603,602,Movie DVD,6,"Music, Movies and Audio Books"
1604,602,Movie DVD,6,"Music, Movies and Audio Books"
1605,602,Movie DVD,6,"Music, Movies and Audio Books"
1606,602,Movie DVD,6,"Music, Movies and Audio Books"
1607,602,Movie DVD,6,"Music, Movies and Audio Books"
1608,602,Movie DVD,6,"Music, Movies and Audio Books"
1609,602,Movie DVD,6,"Music, Movies and Audio Books"
1610,602,Movie DVD,6,"Music, Movies and Audio Books"
1611,602,Movie DVD,6,"Music, Movies and Audio Books"
1612,602,Movie DVD,6,"Music, Movies and Audio Books"
1613,602,Movie DVD,6,"Music, Movies and Audio Books"
1614,602,Movie DVD,6,"Music, Movies and Audio Books"
1615,602,Movie DVD,6,"Music, Movies and Audio Books"
1616,602,Movie DVD,6,"Music, Movies and Audio Books"
1617,602,Movie DVD,6,"Music, Movies and Audio Books"
1618,602,Movie DVD,6,"Music, Movies and Audio Books"
1619,602,Movie DVD,6,"Music, Movies and Audio Books"
1620,602,Movie DVD,6,"Music, Movies and Audio Books"
1621,602,Movie DVD,6,"Music, Movies and Audio Books"
1622,602,Movie DVD,6,"Music, Movies and Audio Books"
1623,602,Movie DVD,6,"Music, Movies and Audio Books"
1624,602,Movie DVD,6,"Music, Movies and Audio Books"
1625,602,Movie DVD,6,"Music, Movies and Audio Books"
1626,602,Movie DVD,6,"Music, Movies and Audio Books"
1627,602,Movie DVD,6,"Music, Movies and Audio Books"
1628,602,Movie DVD,6,"Music, Movies and Audio Books"
1629,602,Movie DVD,6,"Music, Movies and Audio Books"
1630,602,Movie DVD,6,"Music, Movies and Audio Books"
1631,602,Movie DVD,6,"Music, Movies and Audio Books"
1632,602,Movie DVD,6,"Music, Movies and Audio Books"
1633,602,Movie DVD,6,"Music, Movies and Audio Books"
1634,602,Movie DVD,6,"Music, Movies and Audio Books"
1635,602,Movie DVD,6,"Music, Movies and Audio Books"
1636,602,Movie DVD,6,"Music, Movies and Audio Books"
1637,602,Movie DVD,6,"Music, Movies and Audio Books"
1638,602,Movie DVD,6,"Music, Movies and Audio Books"
1639,602,Movie DVD,6,"Music, Movies and Audio Books"
1640,602,Movie DVD,6,"Music, Movies and Audio Books"
1641,602,Movie DVD,6,"Music, Movies and Audio Books"
1642,602,Movie DVD,6,"Music, Movies and Audio Books"
1643,602,Movie DVD,6,"Music, Movies and Audio Books"
1644,602,Movie DVD,6,"Music, Movies and Audio Books"
1645,602,Movie DVD,6,"Music, Movies and Audio Books"
1646,602,Movie DVD,6,"Music, Movies and Audio Books"
1647,602,Movie DVD,6,"Music, Movies and Audio Books"
1648,602,Movie DVD,6,"Music, Movies and Audio Books"
1649,602,Movie DVD,6,"Music, Movies and Audio Books"
1650,602,Movie DVD,6,"Music, Movies and Audio Books"
1651,602,Movie DVD,6,"Music, Movies and Audio Books"
1652,602,Movie DVD,6,"Music, Movies and Audio Books"
1653,602,Movie DVD,6,"Music, Movies and Audio Books"
1654,602,Movie DVD,6,"Music, Movies and Audio Books"
1655,602,Movie DVD,6,"Music, Movies and Audio Books"
1656,602,Movie DVD,6,"Music, Movies and Audio Books"
1657,602,Movie DVD,6,"Music, Movies and Audio Books"
1658,602,Movie DVD,6,"Music, Movies and Audio Books"
1659,602,Movie DVD,6,"Music, Movies and Audio Books"
1660,602,Movie DVD,6,"Music, Movies and Audio Books"
1661,701,Boxed Games,7,Games and Toys
1662,701,Boxed Games,7,Games and Toys
1663,701,Boxed Games,7,Games and Toys
1664,701,Boxed Games,7,Games and Toys
1665,701,Boxed Games,7,Games and Toys
1666,701,Boxed Games,7,Games and Toys
1667,701,Boxed Games,7,Games and Toys
1668,701,Boxed Games,7,Games and Toys
1669,701,Boxed Games,7,Games and Toys
1670,701,Boxed Games,7,Games and Toys
1671,701,Boxed Games,7,Games and Toys
1672,701,Boxed Games,7,Games and Toys
1673,701,Boxed Games,7,Games and Toys
1674,701,Boxed Games,7,Games and Toys
1675,701,Boxed Games,7,Games and Toys
1676,701,Boxed Games,7,Games and Toys
1677,701,Boxed Games,7,Games and Toys
1678,701,Boxed Games,7,Games and Toys
1679,701,Boxed Games,7,Games and Toys
1680,701,Boxed Games,7,Games and Toys
1681,701,Boxed Games,7,Games and Toys
1682,701,Boxed Games,7,Games and Toys
1683,701,Boxed Games,7,Games and Toys
1684,701,Boxed Games,7,Games and Toys
1685,701,Boxed Games,7,Games and Toys
1686,701,Boxed Games,7,Games and Toys
1687,701,Boxed Games,7,Games and Toys
1688,701,Boxed Games,7,Games and Toys
1689,701,Boxed Games,7,Games and Toys
1690,701,Boxed Games,7,Games and Toys
1691,701,Boxed Games,7,Games and Toys
1692,701,Boxed Games,7,Games and Toys
1693,701,Boxed Games,7,Games and Toys
1694,701,Boxed Games,7,Games and Toys
1695,701,Boxed Games,7,Games and Toys
1696,701,Boxed Games,7,Games and Toys
1697,701,Boxed Games,7,Games and Toys
1698,701,Boxed Games,7,Games and Toys
1699,701,Boxed Games,7,Games and Toys
1700,701,Boxed Games,7,Games and Toys
1701,701,Boxed Games,7,Games and Toys
1702,701,Boxed Games,7,Games and Toys
1703,701,Boxed Games,7,Games and Toys
1704,701,Boxed Games,7,Games and Toys
1705,701,Boxed Games,7,Games and Toys
1706,701,Boxed Games,7,Games and Toys
1707,702,Download Games,7,Games and Toys
1708,702,Download Games,7,Games and Toys
1709,702,Download Games,7,Games and Toys
1710,702,Download Games,7,Games and Toys
1711,702,Download Games,7,Games and Toys
1712,702,Download Games,7,Games and Toys
1713,702,Download Games,7,Games and Toys
1714,702,Download Games,7,Games and Toys
1715,702,Download Games,7,Games and Toys
1716,702,Download Games,7,Games and Toys
1717,702,Download Games,7,Games and Toys
1718,702,Download Games,7,Games and Toys
1719,702,Download Games,7,Games and Toys
1720,702,Download Games,7,Games and Toys
1721,702,Download Games,7,Games and Toys
1722,702,Download Games,7,Games and Toys
1723,702,Download Games,7,Games and Toys
1724,702,Download Games,7,Games and Toys
1725,702,Download Games,7,Games and Toys
1726,702,Download Games,7,Games and Toys
1727,702,Download Games,7,Games and Toys
1728,702,Download Games,7,Games and Toys
1729,702,Download Games,7,Games and Toys
1730,702,Download Games,7,Games and Toys
1731,702,Download Games,7,Games and Toys
1732,702,Download Games,7,Games and Toys
1733,702,Download Games,7,Games and Toys
1734,702,Download Games,7,Games and Toys
1735,702,Download Games,7,Games and Toys
1736,702,Download Games,7,Games and Toys
1737,702,Download Games,7,Games and Toys
1738,702,Download Games,7,Games and Toys
1739,702,Download Games,7,Games and Toys
1740,702,Download Games,7,Games and Toys
1741,702,Download Games,7,Games and Toys
1742,702,Download Games,7,Games and Toys
1743,702,Download Games,7,Games and Toys
1744,702,Download Games,7,Games and Toys
1745,702,Download Games,7,Games and Toys
1746,702,Download Games,7,Games and Toys
1747,702,Download Games,7,Games and Toys
1748,702,Download Games,7,Games and Toys
1749,702,Download Games,7,Games and Toys
1750,702,Download Games,7,Games and Toys
1751,702,Download Games,7,Games and Toys
1752,702,Download Games,7,Games and Toys
1753,702,Download Games,7,Games and Toys
1754,702,Download Games,7,Games and Toys
1755,702,Download Games,7,Games and Toys
1756,702,Download Games,7,Games and Toys
1757,702,Download Games,7,Games and Toys
1758,702,Download Games,7,Games and Toys
1759,702,Download Games,7,Games and Toys
1760,702,Download Games,7,Games and Toys
1761,702,Download Games,7,Games and Toys
1762,702,Download Games,7,Games and Toys
1763,702,Download Games,7,Games and Toys
1764,702,Download Games,7,Games and Toys
1765,702,Download Games,7,Games and Toys
1766,702,Download Games,7,Games and Toys
1767,702,Download Games,7,Games and Toys
1768,702,Download Games,7,Games and Toys
1769,702,Download Games,7,Games and Toys
1770,702,Download Games,7,Games and Toys
1771,702,Download Games,7,Games and Toys
1772,702,Download Games,7,Games and Toys
1773,702,Download Games,7,Games and Toys
1774,702,Download Games,7,Games and Toys
1775,702,Download Games,7,Games and Toys
1776,702,Download Games,7,Games and Toys
1777,702,Download Games,7,Games and Toys
1778,702,Download Games,7,Games and Toys
1779,702,Download Games,7,Games and Toys
1780,702,Download Games,7,Games and Toys
1781,702,Download Games,7,Games and Toys
1782,702,Download Games,7,Games and Toys
1783,702,Download Games,7,Games and Toys
1784,702,Download Games,7,Games and Toys
1785,702,Download Games,7,Games and Toys
1786,702,Download Games,7,Games and Toys
1787,702,Download Games,7,Games and Toys
1788,702,Download Games,7,Games and Toys
1789,702,Download Games,7,Games and Toys
1790,702,Download Games,7,Games and Toys
1791,702,Download Games,7,Games and Toys
1792,702,Download Games,7,Games and Toys
1793,702,Download Games,7,Games and Toys
1794,702,Download Games,7,Games and Toys
1795,702,Download Games,7,Games and Toys
1796,702,Download Games,7,Games and Toys
1797,702,Download Games,7,Games and Toys
1798,702,Download Games,7,Games and Toys
1799,702,Download Games,7,Games and Toys
1800,702,Download Games,7,Games and Toys
1801,702,Download Games,7,Games and Toys
1802,702,Download Games,7,Games and Toys
1803,702,Download Games,7,Games and Toys
1804,702,Download Games,7,Games and Toys
1805,702,Download Games,7,Games and Toys
1806,702,Download Games,7,Games and Toys
1807,702,Download Games,7,Games and Toys
1808,702,Download Games,7,Games and Toys
1809,702,Download Games,7,Games and Toys
1810,702,Download Games,7,Games and Toys
1811,702,Download Games,7,Games and Toys
1812,702,Download Games,7,Games and Toys
1813,702,Download Games,7,Games and Toys
1814,702,Download Games,7,Games and Toys
1815,702,Download Games,7,Games and Toys
1816,702,Download Games,7,Games and Toys
1817,702,Download Games,7,Games and Toys
1818,702,Download Games,7,Games and Toys
1819,702,Download Games,7,Games and Toys
1820,702,Download Games,7,Games and Toys
1821,702,Download Games,7,Games and Toys
1822,702,Download Games,7,Games and Toys
1823,702,Download Games,7,Games and Toys
1824,702,Download Games,7,Games and Toys
1825,702,Download Games,7,Games and Toys
1826,702,Download Games,7,Games and Toys
1827,801,Washers & Dryers,8,Home Appliances
1828,801,Washers & Dryers,8,Home Appliances
1829,801,Washers & Dryers,8,Home Appliances
1830,801,Washers & Dryers,8,Home Appliances
1831,801,Washers & Dryers,8,Home Appliances
1832,801,Washers & Dryers,8,Home Appliances
1833,801,Washers & Dryers,8,Home Appliances
1834,801,Washers & Dryers,8,Home Appliances
1835,801,Washers & Dryers,8,Home Appliances
1836,801,Washers & Dryers,8,Home Appliances
1837,801,Washers & Dryers,8,Home Appliances
1838,801,Washers & Dryers,8,Home Appliances
1839,801,Washers & Dryers,8,Home Appliances
1840,801,Washers & Dryers,8,Home Appliances
1841,801,Washers & Dryers,8,Home Appliances
1842,801,Washers & Dryers,8,Home Appliances
1843,801,Washers & Dryers,8,Home Appliances
1844,801,Washers & Dryers,8,Home Appliances
1845,801,Washers & Dryers,8,Home Appliances
1846,801,Washers & Dryers,8,Home Appliances
1847,801,Washers & Dryers,8,Home Appliances
1848,801,Washers & Dryers,8,Home Appliances
1849,801,Washers & Dryers,8,Home Appliances
1850,801,Washers & Dryers,8,Home Appliances
1851,801,Washers & Dryers,8,Home Appliances
1852,801,Washers & Dryers,8,Home Appliances
1853,801,Washers & Dryers,8,Home Appliances
1854,801,Washers & Dryers,8,Home Appliances
1855,801,Washers & Dryers,8,Home Appliances
1856,801,Washers & Dryers,8,Home Appliances
1857,801,Washers & Dryers,8,Home Appliances
1858,801,Washers & Dryers,8,Home Appliances
1859,801,Washers & Dryers,8,Home Appliances
1860,801,Washers & Dryers,8,Home Appliances
1861,801,Washers & Dryers,8,Home Appliances
1862,801,Washers & Dryers,8,Home Appliances
1863,801,Washers & Dryers,8,Home Appliances
1864,801,Washers & Dryers,8,Home Appliances
1865,801,Washers & Dryers,8,Home Appliances
1866,801,Washers & Dryers,8,Home Appliances
1867,801,Washers & Dryers,8,Home Appliances
1868,801,Washers & Dryers,8,Home Appliances
1869,801,Washers & Dryers,8,Home Appliances
1870,801,Washers & Dryers,8,Home Appliances
1871,801,Washers & Dryers,8,Home Appliances
1872,801,Washers & Dryers,8,Home Appliances
1873,801,Washers & Dryers,8,Home Appliances
1874,801,Washers & Dryers,8,Home Appliances
1875,801,Washers & Dryers,8,Home Appliances
1876,801,Washers & Dryers,8,Home Appliances
1877,801,Washers & Dryers,8,Home Appliances
1878,801,Washers & Dryers,8,Home Appliances
1879,801,Washers & Dryers,8,Home Appliances
1880,801,Washers & Dryers,8,Home Appliances
1881,801,Washers & Dryers,8,Home Appliances
1882,801,Washers & Dryers,8,Home Appliances
1883,801,Washers & Dryers,8,Home Appliances
1884,801,Washers & Dryers,8,Home Appliances
1885,801,Washers & Dryers,8,Home Appliances
1886,801,Washers & Dryers,8,Home Appliances
1887,801,Washers & Dryers,8,Home Appliances
1888,801,Washers & Dryers,8,Home Appliances
1889,801,Washers & Dryers,8,Home Appliances
1890,801,Washers & Dryers,8,Home Appliances
1891,801,Washers & Dryers,8,Home Appliances
1892,801,Washers & Dryers,8,Home Appliances
1893,801,Washers & Dryers,8,Home Appliances
1894,801,Washers & Dryers,8,Home Appliances
1895,801,Washers & Dryers,8,Home Appliances
1896,801,Washers & Dryers,8,Home Appliances
1897,802,Refrigerators,8,Home Appliances
1898,802,Refrigerators,8,Home Appliances
1899,802,Refrigerators,8,Home Appliances
1900,802,Refrigerators,8,Home Appliances
1901,802,Refrigerators,8,Home Appliances
1902,802,Refrigerators,8,Home Appliances
1903,802,Refrigerators,8,Home Appliances
1904,802,Refrigerators,8,Home Appliances
1905,802,Refrigerators,8,Home Appliances
1906,802,Refrigerators,8,Home Appliances
1907,802,Refrigerators,8,Home Appliances
1908,802,Refrigerators,8,Home Appliances
1909,802,Refrigerators,8,Home Appliances
1910,802,Refrigerators,8,Home Appliances
1911,802,Refrigerators,8,Home Appliances
1912,802,Refrigerators,8,Home Appliances
1913,802,Refrigerators,8,Home Appliances
1914,802,Refrigerators,8,Home Appliances
1915,802,Refrigerators,8,Home Appliances
1916,802,Refrigerators,8,Home Appliances
1917,802,Refrigerators,8,Home Appliances
1918,802,Refrigerators,8,Home Appliances
1919,802,Refrigerators,8,Home Appliances
1920,802,Refrigerators,8,Home Appliances
1921,802,Refrigerators,8,Home Appliances
1922,802,Refrigerators,8,Home Appliances
1923,802,Refrigerators,8,Home Appliances
1924,802,Refrigerators,8,Home Appliances
1925,802,Refrigerators,8,Home Appliances
1926,802,Refrigerators,8,Home Appliances
1927,802,Refrigerators,8,Home Appliances
1928,802,Refrigerators,8,Home Appliances
1929,802,Refrigerators,8,Home Appliances
1930,802,Refrigerators,8,Home Appliances
1931,802,Refrigerators,8,Home Appliances
1932,802,Refrigerators,8,Home Appliances
1933,802,Refrigerators,8,Home Appliances
1934,802,Refrigerators,8,Home Appliances
1935,802,Refrigerators,8,Home Appliances
1936,802,Refrigerators,8,Home Appliances
1937,802,Refrigerators,8,Home Appliances
1938,802,Refrigerators,8,Home Appliances
1939,802,Refrigerators,8,Home Appliances
1940,802,Refrigerators,8,Home Appliances
1941,802,Refrigerators,8,Home Appliances
1942,802,Refrigerators,8,Home Appliances
1943,802,Refrigerators,8,Home Appliances
1944,802,Refrigerators,8,Home Appliances
1945,802,Refrigerators,8,Home Appliances
1946,802,Refrigerators,8,Home Appliances
1947,802,Refrigerators,8,Home Appliances
1948,802,Refrigerators,8,Home Appliances
1949,802,Refrigerators,8,Home Appliances
1950,802,Refrigerators,8,Home Appliances
1951,802,Refrigerators,8,Home Appliances
1952,802,Refrigerators,8,Home Appliances
1953,802,Refrigerators,8,Home Appliances
1954,802,Refrigerators,8,Home Appliances
1955,802,Refrigerators,8,Home Appliances
1956,802,Refrigerators,8,Home Appliances
1957,802,Refrigerators,8,Home Appliances
1958,802,Refrigerators,8,Home Appliances
1959,802,Refrigerators,8,Home Appliances
1960,802,Refrigerators,8,Home Appliances
1961,802,Refrigerators,8,Home Appliances
1962,802,Refrigerators,8,Home Appliances
1963,802,Refrigerators,8,Home Appliances
1964,802,Refrigerators,8,Home Appliances
1965,802,Refrigerators,8,Home Appliances
1966,802,Refrigerators,8,Home Appliances
1967,802,Refrigerators,8,Home Appliances
1968,802,Refrigerators,8,Home Appliances
1969,802,Refrigerators,8,Home Appliances
1970,802,Refrigerators,8,Home Appliances
1971,802,Refrigerators,8,Home Appliances
1972,802,Refrigerators,8,Home Appliances
1973,802,Refrigerators,8,Home Appliances
1974,802,Refrigerators,8,Home Appliances
1975,802,Refrigerators,8,Home Appliances
1976,802,Refrigerators,8,Home Appliances
1977,802,Refrigerators,8,Home Appliances
1978,802,Refrigerators,8,Home Appliances
1979,802,Refrigerators,8,Home Appliances
1980,802,Refrigerators,8,Home Appliances
1981,802,Refrigerators,8,Home Appliances
1982,802,Refrigerators,8,Home Appliances
1983,803,Microwaves,8,Home Appliances
1984,803,Microwaves,8,Home Appliances
1985,803,Microwaves,8,Home Appliances
1986,803,Microwaves,8,Home Appliances
1987,803,Microwaves,8,Home Appliances
1988,803,Microwaves,8,Home Appliances
1989,803,Microwaves,8,Home Appliances
1990,803,Microwaves,8,Home Appliances
1991,803,Microwaves,8,Home Appliances
1992,803,Microwaves,8,Home Appliances
1993,803,Microwaves,8,Home Appliances
1994,803,Microwaves,8,Home Appliances
1995,803,Microwaves,8,Home Appliances
1996,803,Microwaves,8,Home Appliances
1997,803,Microwaves,8,Home Appliances
1998,803,Microwaves,8,Home Appliances
1999,803,Microwaves,8,Home Appliances
2000,803,Microwaves,8,Home Appliances
2001,803,Microwaves,8,Home Appliances
2002,803,Microwaves,8,Home Appliances
2003,803,Microwaves,8,Home Appliances
2004,803,Microwaves,8,Home Appliances
2005,803,Microwaves,8,Home Appliances
2006,803,Microwaves,8,Home Appliances
2007,803,Microwaves,8,Home Appliances
2008,803,Microwaves,8,Home Appliances
2009,803,Microwaves,8,Home Appliances
2010,803,Microwaves,8,Home Appliances
2011,803,Microwaves,8,Home Appliances
2012,803,Microwaves,8,Home Appliances
2013,803,Microwaves,8,Home Appliances
2014,803,Microwaves,8,Home Appliances
2015,803,Microwaves,8,Home Appliances
2016,803,Microwaves,8,Home Appliances
2017,803,Microwaves,8,Home Appliances
2018,803,Microwaves,8,Home Appliances
2019,803,Microwaves,8,Home Appliances
2020,803,Microwaves,8,Home Appliances
2021,803,Microwaves,8,Home Appliances
2022,803,Microwaves,8,Home Appliances
2023,803,Microwaves,8,Home Appliances
2024,803,Microwaves,8,Home Appliances
2025,803,Microwaves,8,Home Appliances
2026,803,Microwaves,8,Home Appliances
2027,803,Microwaves,8,Home Appliances
2028,803,Microwaves,8,Home Appliances
2029,803,Microwaves,8,Home Appliances
2030,803,Microwaves,8,Home Appliances
2031,803,Microwaves,8,Home Appliances
2032,803,Microwaves,8,Home Appliances
2033,803,Microwaves,8,Home Appliances
2034,803,Microwaves,8,Home Appliances
2035,803,Microwaves,8,Home Appliances
2036,803,Microwaves,8,Home Appliances
2037,803,Microwaves,8,Home Appliances
2038,803,Microwaves,8,Home Appliances
2039,803,Microwaves,8,Home Appliances
2040,803,Microwaves,8,Home Appliances
2041,803,Microwaves,8,Home Appliances
2042,803,Microwaves,8,Home Appliances
2043,803,Microwaves,8,Home Appliances
2044,803,Microwaves,8,Home Appliances
2045,803,Microwaves,8,Home Appliances
2046,803,Microwaves,8,Home Appliances
2047,803,Microwaves,8,Home Appliances
2048,803,Microwaves,8,Home Appliances
2049,803,Microwaves,8,Home Appliances
2050,803,Microwaves,8,Home Appliances
2051,803,Microwaves,8,Home Appliances
2052,803,Microwaves,8,Home Appliances
2053,803,Microwaves,8,Home Appliances
2054,803,Microwaves,8,Home Appliances
2055,803,Microwaves,8,Home Appliances
2056,803,Microwaves,8,Home Appliances
2057,803,Microwaves,8,Home Appliances
2058,803,Microwaves,8,Home Appliances
2059,803,Microwaves,8,Home Appliances
2060,803,Microwaves,8,Home Appliances
2061,803,Microwaves,8,Home Appliances
2062,803,Microwaves,8,Home Appliances
2063,803,Microwaves,8,Home Appliances
2064,803,Microwaves,8,Home Appliances
2065,803,Microwaves,8,Home Appliances
2066,803,Microwaves,8,Home Appliances
2067,803,Microwaves,8,Home Appliances
2068,803,Microwaves,8,Home Appliances
2069,803,Microwaves,8,Home Appliances
2070,803,Microwaves,8,Home Appliances
2071,803,Microwaves,8,Home Appliances
2072,803,Microwaves,8,Home Appliances
2073,803,Microwaves,8,Home Appliances
2074,803,Microwaves,8,Home Appliances
2075,803,Microwaves,8,Home Appliances
2076,803,Microwaves,8,Home Appliances
2077,803,Microwaves,8,Home Appliances
2078,803,Microwaves,8,Home Appliances
2079,803,Microwaves,8,Home Appliances
2080,803,Microwaves,8,Home Appliances
2081,803,Microwaves,8,Home Appliances
2082,803,Microwaves,8,Home Appliances
2083,803,Microwaves,8,Home Appliances
2084,803,Microwaves,8,Home Appliances
2085,804,Water Heaters,8,Home Appliances
2086,804,Water Heaters,8,Home Appliances
2087,804,Water Heaters,8,Home Appliances
2088,804,Water Heaters,8,Home Appliances
2089,804,Water Heaters,8,Home Appliances
2090,804,Water Heaters,8,Home Appliances
2091,804,Water Heaters,8,Home Appliances
2092,804,Water Heaters,8,Home Appliances
2093,804,Water Heaters,8,Home Appliances
2094,804,Water Heaters,8,Home Appliances
2095,804,Water Heaters,8,Home Appliances
2096,804,Water Heaters,8,Home Appliances
2097,804,Water Heaters,8,Home Appliances
2098,804,Water Heaters,8,Home Appliances
2099,804,Water Heaters,8,Home Appliances
2100,804,Water Heaters,8,Home Appliances
2101,804,Water Heaters,8,Home Appliances
2102,804,Water Heaters,8,Home Appliances
2103,804,Water Heaters,8,Home Appliances
2104,804,Water Heaters,8,Home Appliances
2105,804,Water Heaters,8,Home Appliances
2106,804,Water Heaters,8,Home Appliances
2107,804,Water Heaters,8,Home Appliances
2108,804,Water Heaters,8,Home Appliances
2109,804,Water Heaters,8,Home Appliances
2110,804,Water Heaters,8,Home Appliances
2111,804,Water Heaters,8,Home Appliances
2112,804,Water Heaters,8,Home Appliances
2113,804,Water Heaters,8,Home Appliances
2114,804,Water Heaters,8,Home Appliances
2115,804,Water Heaters,8,Home Appliances
2116,805,Coffee Machines,8,Home Appliances
2117,805,Coffee Machines,8,Home Appliances
2118,805,Coffee Machines,8,Home Appliances
2119,805,Coffee Machines,8,Home Appliances
2120,805,Coffee Machines,8,Home Appliances
2121,805,Coffee Machines,8,Home Appliances
2122,805,Coffee Machines,8,Home Appliances
2123,805,Coffee Machines,8,Home Appliances
2124,805,Coffee Machines,8,Home Appliances
2125,805,Coffee Machines,8,Home Appliances
2126,805,Coffee Machines,8,Home Appliances
2127,805,Coffee Machines,8,Home Appliances
2128,805,Coffee Machines,8,Home Appliances
2129,805,Coffee Machines,8,Home Appliances
2130,805,Coffee Machines,8,Home Appliances
2131,805,Coffee Machines,8,Home Appliances
2132,805,Coffee Machines,8,Home Appliances
2133,805,Coffee Machines,8,Home Appliances
2134,805,Coffee Machines,8,Home Appliances
2135,805,Coffee Machines,8,Home Appliances
2136,805,Coffee Machines,8,Home Appliances
2137,805,Coffee Machines,8,Home Appliances
2138,805,Coffee Machines,8,Home Appliances
2139,805,Coffee Machines,8,Home Appliances
2140,805,Coffee Machines,8,Home Appliances
2141,805,Coffee Machines,8,Home Appliances
2142,805,Coffee Machines,8,Home Appliances
2143,805,Coffee Machines,8,Home Appliances
2144,805,Coffee Machines,8,Home Appliances
2145,805,Coffee Machines,8,Home Appliances
2146,805,Coffee Machines,8,Home Appliances
2147,805,Coffee Machines,8,Home Appliances
2148,805,Coffee Machines,8,Home Appliances
2149,805,Coffee Machines,8,Home Appliances
2150,805,Coffee Machines,8,Home Appliances
2151,805,Coffee Machines,8,Home Appliances
2152,805,Coffee Machines,8,Home Appliances
2153,805,Coffee Machines,8,Home Appliances
2154,805,Coffee Machines,8,Home Appliances
2155,805,Coffee Machines,8,Home Appliances
2156,805,Coffee Machines,8,Home Appliances
2157,805,Coffee Machines,8,Home Appliances
2158,805,Coffee Machines,8,Home Appliances
2159,805,Coffee Machines,8,Home Appliances
2160,805,Coffee Machines,8,Home Appliances
2161,805,Coffee Machines,8,Home Appliances
2162,805,Coffee Machines,8,Home Appliances
2163,805,Coffee Machines,8,Home Appliances
2164,805,Coffee Machines,8,Home Appliances
2165,805,Coffee Machines,8,Home Appliances
2166,805,Coffee Machines,8,Home Appliances
2167,805,Coffee Machines,8,Home Appliances
2168,805,Coffee Machines,8,Home Appliances
2169,805,Coffee Machines,8,Home Appliances
2170,805,Coffee Machines,8,Home Appliances
2171,805,Coffee Machines,8,Home Appliances
2172,805,Coffee Machines,8,Home Appliances
2173,805,Coffee Machines,8,Home Appliances
2174,805,Coffee Machines,8,Home Appliances
2175,805,Coffee Machines,8,Home Appliances
2176,805,Coffee Machines,8,Home Appliances
2177,805,Coffee Machines,8,Home Appliances
2178,805,Coffee Machines,8,Home Appliances
2179,805,Coffee Machines,8,Home Appliances
2180,805,Coffee Machines,8,Home Appliances
2181,805,Coffee Machines,8,Home Appliances
2182,805,Coffee Machines,8,Home Appliances
2183,805,Coffee Machines,8,Home Appliances
2184,805,Coffee Machines,8,Home Appliances
2185,805,Coffee Machines,8,Home Appliances
2186,805,Coffee Machines,8,Home Appliances
2187,805,Coffee Machines,8,Home Appliances
2188,805,Coffee Machines,8,Home Appliances
2189,805,Coffee Machines,8,Home Appliances
2190,806,Lamps,8,Home Appliances
2191,806,Lamps,8,Home Appliances
2192,806,Lamps,8,Home Appliances
2193,806,Lamps,8,Home Appliances
2194,806,Lamps,8,Home Appliances
2195,806,Lamps,8,Home Appliances
2196,806,Lamps,8,Home Appliances
2197,806,Lamps,8,Home Appliances
2198,806,Lamps,8,Home Appliances
2199,806,Lamps,8,Home Appliances
2200,806,Lamps,8,Home Appliances
2201,806,Lamps,8,Home Appliances
2202,806,Lamps,8,Home Appliances
2203,806,Lamps,8,Home Appliances
2204,806,Lamps,8,Home Appliances
2205,806,Lamps,8,Home Appliances
2206,806,Lamps,8,Home Appliances
2207,806,Lamps,8,Home Appliances
2208,806,Lamps,8,Home Appliances
2209,806,Lamps,8,Home Appliances
2210,806,Lamps,8,Home Appliances
2211,806,Lamps,8,Home Appliances
2212,806,Lamps,8,Home Appliances
2213,806,Lamps,8,Home Appliances
2214,806,Lamps,8,Home Appliances
2215,806,Lamps,8,Home Appliances
2216,806,Lamps,8,Home Appliances
2217,806,Lamps,8,Home Appliances
2218,806,Lamps,8,Home Appliances
2219,806,Lamps,8,Home Appliances
2220,806,Lamps,8,Home Appliances
2221,806,Lamps,8,Home Appliances
2222,806,Lamps,8,Home Appliances
2223,806,Lamps,8,Home Appliances
2224,806,Lamps,8,Home Appliances
2225,806,Lamps,8,Home Appliances
2226,806,Lamps,8,Home Appliances
2227,806,Lamps,8,Home Appliances
2228,806,Lamps,8,Home Appliances
2229,806,Lamps,8,Home Appliances
2230,806,Lamps,8,Home Appliances
2231,806,Lamps,8,Home Appliances
2232,806,Lamps,8,Home Appliances
2233,806,Lamps,8,Home Appliances
2234,806,Lamps,8,Home Appliances
2235,806,Lamps,8,Home Appliances
2236,806,Lamps,8,Home Appliances
2237,806,Lamps,8,Home Appliances
2238,806,Lamps,8,Home Appliances
2239,806,Lamps,8,Home Appliances
2240,806,Lamps,8,Home Appliances
2241,806,Lamps,8,Home Appliances
2242,806,Lamps,8,Home Appliances
2243,806,Lamps,8,Home Appliances
2244,806,Lamps,8,Home Appliances
2245,806,Lamps,8,Home Appliances
2246,806,Lamps,8,Home Appliances
2247,806,Lamps,8,Home Appliances
2248,806,Lamps,8,Home Appliances
2249,806,Lamps,8,Home Appliances
2250,806,Lamps,8,Home Appliances
2251,806,Lamps,8,Home Appliances
2252,806,Lamps,8,Home Appliances
2253,806,Lamps,8,Home Appliances
2254,806,Lamps,8,Home Appliances
2255,806,Lamps,8,Home Appliances
2256,806,Lamps,8,Home Appliances
2257,806,Lamps,8,Home Appliances
2258,806,Lamps,8,Home Appliances
2259,806,Lamps,8,Home Appliances
2260,806,Lamps,8,Home Appliances
2261,806,Lamps,8,Home Appliances
2262,806,Lamps,8,Home Appliances
2263,806,Lamps,8,Home Appliances
2264,806,Lamps,8,Home Appliances
2265,806,Lamps,8,Home Appliances
2266,806,Lamps,8,Home Appliances
2267,806,Lamps,8,Home Appliances
2268,806,Lamps,8,Home Appliances
2269,806,Lamps,8,Home Appliances
2270,806,Lamps,8,Home Appliances
2271,806,Lamps,8,Home Appliances
2272,806,Lamps,8,Home Appliances
2273,806,Lamps,8,Home Appliances
2274,806,Lamps,8,Home Appliances
2275,806,Lamps,8,Home Appliances
2276,806,Lamps,8,Home Appliances
2277,806,Lamps,8,Home Appliances
2278,806,Lamps,8,Home Appliances
2279,806,Lamps,8,Home Appliances
2280,806,Lamps,8,Home Appliances
2281,806,Lamps,8,Home Appliances
2282,806,Lamps,8,Home Appliances
2283,806,Lamps,8,Home Appliances
2284,806,Lamps,8,Home Appliances
2285,806,Lamps,8,Home Appliances
2286,806,Lamps,8,Home Appliances
2287,806,Lamps,8,Home Appliances
2288,806,Lamps,8,Home Appliances
2289,806,Lamps,8,Home Appliances
2290,806,Lamps,8,Home Appliances
2291,806,Lamps,8,Home Appliances
2292,806,Lamps,8,Home Appliances
2293,806,Lamps,8,Home Appliances
2294,806,Lamps,8,Home Appliances
2295,806,Lamps,8,Home Appliances
2296,806,Lamps,8,Home Appliances
2297,806,Lamps,8,Home Appliances
2298,806,Lamps,8,Home Appliances
2299,806,Lamps,8,Home Appliances
2300,806,Lamps,8,Home Appliances
2301,806,Lamps,8,Home Appliances
2302,806,Lamps,8,Home Appliances
2303,806,Lamps,8,Home Appliances
2304,806,Lamps,8,Home Appliances
2305,806,Lamps,8,Home Appliances
2306,806,Lamps,8,Home Appliances
2307,806,Lamps,8,Home Appliances
2308,806,Lamps,8,Home Appliances
2309,806,Lamps,8,Home Appliances
2310,806,Lamps,8,Home Appliances
2311,806,Lamps,8,Home Appliances
2312,806,Lamps,8,Home Appliances
2313,806,Lamps,8,Home Appliances
2314,806,Lamps,8,Home Appliances
2315,806,Lamps,8,Home Appliances
2316,806,Lamps,8,Home Appliances
2317,806,Lamps,8,Home Appliances
2318,806,Lamps,8,Home Appliances
2319,806,Lamps,8,Home Appliances
2320,806,Lamps,8,Home Appliances
2321,806,Lamps,8,Home Appliances
2322,806,Lamps,8,Home Appliances
2323,806,Lamps,8,Home Appliances
2324,806,Lamps,8,Home Appliances
2325,806,Lamps,8,Home Appliances
2326,806,Lamps,8,Home Appliances
2327,806,Lamps,8,Home Appliances
2328,806,Lamps,8,Home Appliances
2329,806,Lamps,8,Home Appliances
2330,806,Lamps,8,Home Appliances
2331,806,Lamps,8,Home Appliances
2332,806,Lamps,8,Home Appliances
2333,806,Lamps,8,Home Appliances
2334,806,Lamps,8,Home Appliances
2335,806,Lamps,8,Home Appliances
2336,806,Lamps,8,Home Appliances
2337,806,Lamps,8,Home Appliances
2338,806,Lamps,8,Home Appliances
2339,806,Lamps,8,Home Appliances
2340,806,Lamps,8,Home Appliances
2341,806,Lamps,8,Home Appliances
2342,806,Lamps,8,Home Appliances
2343,806,Lamps,8,Home Appliances
2344,806,Lamps,8,Home Appliances
2345,806,Lamps,8,Home Appliances
2346,806,Lamps,8,Home Appliances
2347,806,Lamps,8,Home Appliances
2348,807,Air Conditioners,8,Home Appliances
2349,807,Air Conditioners,8,Home Appliances
2350,807,Air Conditioners,8,Home Appliances
2351,807,Air Conditioners,8,Home Appliances
2352,807,Air Conditioners,8,Home Appliances
2353,807,Air Conditioners,8,Home Appliances
2354,807,Air Conditioners,8,Home Appliances
2355,807,Air Conditioners,8,Home Appliances
2356,807,Air Conditioners,8,Home Appliances
2357,807,Air Conditioners,8,Home Appliances
2358,807,Air Conditioners,8,Home Appliances
2359,807,Air Conditioners,8,Home Appliances
2360,807,Air Conditioners,8,Home Appliances
2361,807,Air Conditioners,8,Home Appliances
2362,807,Air Conditioners,8,Home Appliances
2363,807,Air Conditioners,8,Home Appliances
2364,807,Air Conditioners,8,Home Appliances
2365,807,Air Conditioners,8,Home Appliances
2366,807,Air Conditioners,8,Home Appliances
2367,807,Air Conditioners,8,Home Appliances
2368,807,Air Conditioners,8,Home Appliances
2369,807,Air Conditioners,8,Home Appliances
2370,807,Air Conditioners,8,Home Appliances
2371,807,Air Conditioners,8,Home Appliances
2372,807,Air Conditioners,8,Home Appliances
2373,807,Air Conditioners,8,Home Appliances
2374,807,Air Conditioners,8,Home Appliances
2375,807,Air Conditioners,8,Home Appliances
2376,807,Air Conditioners,8,Home Appliances
2377,807,Air Conditioners,8,Home Appliances
2378,807,Air Conditioners,8,Home Appliances
2379,807,Air Conditioners,8,Home Appliances
2380,807,Air Conditioners,8,Home Appliances
2381,807,Air Conditioners,8,Home Appliances
2382,807,Air Conditioners,8,Home Appliances
2383,807,Air Conditioners,8,Home Appliances
2384,807,Air Conditioners,8,Home Appliances
2385,807,Air Conditioners,8,Home Appliances
2386,807,Air Conditioners,8,Home Appliances
2387,807,Air Conditioners,8,Home Appliances
2388,807,Air Conditioners,8,Home Appliances
2389,807,Air Conditioners,8,Home Appliances
2390,807,Air Conditioners,8,Home Appliances
2391,807,Air Conditioners,8,Home Appliances
2392,807,Air Conditioners,8,Home Appliances
2393,807,Air Conditioners,8,Home Appliances
2394,807,Air Conditioners,8,Home Appliances
2395,807,Air Conditioners,8,Home Appliances
2396,807,Air Conditioners,8,Home Appliances
2397,807,Air Conditioners,8,Home Appliances
2398,807,Air Conditioners,8,Home Appliances
2399,807,Air Conditioners,8,Home Appliances
2400,807,Air Conditioners,8,Home Appliances
2401,807,Air Conditioners,8,Home Appliances
2402,807,Air Conditioners,8,Home Appliances
2403,807,Air Conditioners,8,Home Appliances
2404,807,Air Conditioners,8,Home Appliances
2405,807,Air Conditioners,8,Home Appliances
2406,807,Air Conditioners,8,Home Appliances
2407,807,Air Conditioners,8,Home Appliances
2408,807,Air Conditioners,8,Home Appliances
2409,807,Air Conditioners,8,Home Appliances
2410,808,Fans,8,Home Appliances
2411,808,Fans,8,Home Appliances
2412,808,Fans,8,Home Appliances
2413,808,Fans,8,Home Appliances
2414,808,Fans,8,Home Appliances
2415,808,Fans,8,Home Appliances
2416,808,Fans,8,Home Appliances
2417,808,Fans,8,Home Appliances
2418,808,Fans,8,Home Appliances
2419,808,Fans,8,Home Appliances
2420,808,Fans,8,Home Appliances
2421,808,Fans,8,Home Appliances
2422,808,Fans,8,Home Appliances
2423,808,Fans,8,Home Appliances
2424,808,Fans,8,Home Appliances
2425,808,Fans,8,Home Appliances
2426,808,Fans,8,Home Appliances
2427,808,Fans,8,Home Appliances
2428,808,Fans,8,Home Appliances
2429,808,Fans,8,Home Appliances
2430,808,Fans,8,Home Appliances
2431,808,Fans,8,Home Appliances
2432,808,Fans,8,Home Appliances
2433,808,Fans,8,Home Appliances
2434,808,Fans,8,Home Appliances
2435,808,Fans,8,Home Appliances
2436,808,Fans,8,Home Appliances
2437,808,Fans,8,Home Appliances
2438,808,Fans,8,Home Appliances
2439,808,Fans,8,Home Appliances
2440,808,Fans,8,Home Appliances
2441,808,Fans,8,Home Appliances
2442,808,Fans,8,Home Appliances
2443,808,Fans,8,Home Appliances
2444,808,Fans,8,Home Appliances
2445,808,Fans,8,Home Appliances
2446,808,Fans,8,Home Appliances
2447,808,Fans,8,Home Appliances
2448,808,Fans,8,Home Appliances
2449,808,Fans,8,Home Appliances
2450,808,Fans,8,Home Appliances
2451,808,Fans,8,Home Appliances
2452,808,Fans,8,Home Appliances
2453,808,Fans,8,Home Appliances
2454,808,Fans,8,Home Appliances
2455,808,Fans,8,Home Appliances
2456,808,Fans,8,Home Appliances
2457,808,Fans,8,Home Appliances
2458,808,Fans,8,Home Appliances
2459,808,Fans,8,Home Appliances
2460,808,Fans,8,Home Appliances
2461,808,Fans,8,Home Appliances
2462,808,Fans,8,Home Appliances
2463,808,Fans,8,Home Appliances
2464,808,Fans,8,Home Appliances
2465,808,Fans,8,Home Appliances
2466,808,Fans,8,Home Appliances
2467,808,Fans,8,Home Appliances
2468,808,Fans,8,Home Appliances
2469,808,Fans,8,Home Appliances
2470,808,Fans,8,Home Appliances
2471,808,Fans,8,Home Appliances
2472,808,Fans,8,Home Appliances
2473,808,Fans,8,Home Appliances
2474,808,Fans,8,Home Appliances
2475,808,Fans,8,Home Appliances
2476,808,Fans,8,Home Appliances
2477,808,Fans,8,Home Appliances
2478,808,Fans,8,Home Appliances
2479,808,Fans,8,Home Appliances
2480,808,Fans,8,Home Appliances
2481,808,Fans,8,Home Appliances
2482,808,Fans,8,Home Appliances
2483,808,Fans,8,Home Appliances
2484,808,Fans,8,Home Appliances
2485,808,Fans,8,Home Appliances
2486,808,Fans,8,Home Appliances
2487,808,Fans,8,Home Appliances
2488,505,Cell phones Accessories,5,Cell phones
2489,505,Cell phones Accessories,5,Cell phones
2490,505,Cell phones Accessories,5,Cell phones
2491,505,Cell phones Accessories,5,Cell phones
2492,505,Cell phones Accessories,5,Cell phones
2493,505,Cell phones Accessories,5,Cell phones
2494,505,Cell phones Accessories,5,Cell phones
2495,505,Cell phones Accessories,5,Cell phones
2496,505,Cell phones Accessories,5,Cell phones
2497,505,Cell phones Accessories,5,Cell phones
2498,505,Cell phones Accessories,5,Cell phones
2499,505,Cell phones Accessories,5,Cell phones
2500,505,Cell phones Accessories,5,Cell phones
2501,505,Cell phones Accessories,5,Cell phones
2502,505,Cell phones Accessories,5,Cell phones
2503,505,Cell phones Accessories,5,Cell phones
2504,505,Cell phones Accessories,5,Cell phones
2505,505,Cell phones Accessories,5,Cell phones
2506,505,Cell phones Accessories,5,Cell phones
2507,505,Cell phones Accessories,5,Cell phones
2508,505,Cell phones Accessories,5,Cell phones
2509,505,Cell phones Accessories,5,Cell phones
2510,505,Cell phones Accessories,5,Cell phones
2511,505,Cell phones Accessories,5,Cell phones
2512,505,Cell phones Accessories,5,Cell phones
2513,505,Cell phones Accessories,5,Cell phones
2514,505,Cell phones Accessories,5,Cell phones
2515,505,Cell phones Accessories,5,Cell phones
2516,505,Cell phones Accessories,5,Cell phones
2517,505,Cell phones Accessories,5,Cell phones
